渔船ID,lat,lon,速度,方向,time
21280,29.94511111111111,122.3072222222222,0.0,0.0,2018-12-30 22:12:57
21280,29.945138888888888,122.3072222222222,0.0,0.0,2018-12-30 22:22:57
21280,29.945166666666665,122.30733333333332,0.0,0.0,2018-12-30 22:32:57
21280,29.945138888888888,122.30727777777778,0.0,0.0,2018-12-30 22:42:57
21280,29.945138888888888,122.3072222222222,0.0,0.0,2018-12-30 22:52:57
21280,29.94511111111111,122.30725,0.0,0.0,2018-12-30 23:02:57
21280,29.94511111111111,122.30727777777778,0.0,0.0,2018-12-30 23:12:57
21280,29.94511111111111,122.30727777777778,0.0,0.0,2018-12-30 23:22:57
21280,29.94511111111111,122.30727777777778,0.0,0.0,2018-12-30 23:32:57
21280,29.945138888888888,122.30727777777778,0.0,0.0,2018-12-30 23:42:56
21280,29.945138888888888,122.30725,0.0,0.0,2018-12-30 23:52:56
21280,29.945138888888888,122.3072222222222,0.0,0.0,2018-12-31 00:02:56
21280,29.945138888888888,122.30727777777778,0.0,0.0,2018-12-31 00:12:56
21280,29.94522222222223,122.30727777777778,0.0,0.0,2018-12-31 00:22:56
21280,29.945138888888888,122.3072222222222,0.0,0.0,2018-12-31 00:32:58
21280,29.94508333333333,122.30719444444443,0.0,0.0,2018-12-31 00:42:58
21280,29.94522222222223,122.30727777777778,0.0,0.0,2018-12-31 00:52:58
21280,29.945138888888888,122.30725,0.0,0.0,2018-12-31 01:02:58
21280,29.945166666666665,122.30730555555556,0.0,0.0,2018-12-31 01:12:58
21280,29.94522222222223,122.30727777777778,0.0,0.0,2018-12-31 01:22:58
21280,29.945138888888888,122.30725,0.1,0.0,2018-12-31 01:32:58
21280,29.94519444444445,122.3072222222222,0.0,0.0,2018-12-31 01:42:58
21280,29.94519444444445,122.30725,0.0,0.0,2018-12-31 01:52:58
21280,29.945138888888888,122.30730555555556,0.0,0.0,2018-12-31 02:02:58
21280,29.945138888888888,122.3072222222222,0.0,0.0,2018-12-31 02:12:58
21280,29.94519444444445,122.30725,0.0,0.0,2018-12-31 02:22:58
21280,29.945166666666665,122.3072222222222,0.0,0.0,2018-12-31 02:32:58
21280,29.94519444444445,122.30733333333332,0.0,0.0,2018-12-31 02:42:58
21280,29.94519444444445,122.30741666666668,0.0,0.0,2018-12-31 02:52:58
21280,29.94519444444445,122.30727777777778,0.0,0.0,2018-12-31 03:02:58
21280,29.945166666666665,122.30727777777778,0.0,0.0,2018-12-31 03:12:57
21280,29.945166666666665,122.30730555555556,0.0,0.0,2018-12-31 03:22:57
21280,29.94508333333333,122.30713888888889,0.0,0.0,2018-12-31 03:32:57
21280,29.94522222222223,122.30730555555556,0.0,0.0,2018-12-31 03:42:57
21280,29.94519444444445,122.30725,0.0,0.0,2018-12-31 03:52:57
21280,29.945277777777783,122.3072222222222,0.0,0.0,2018-12-31 04:02:57
21280,29.94519444444445,122.30725,0.0,0.0,2018-12-31 04:12:57
21280,29.94519444444445,122.30730555555556,0.0,0.0,2018-12-31 04:22:57
21280,29.94525,122.30730555555556,0.0,0.0,2018-12-31 04:32:57
21280,29.94511111111111,122.30725,0.0,0.0,2018-12-31 04:42:57
21280,29.94511111111111,122.30725,0.0,0.0,2018-12-31 04:52:57
21280,29.945138888888888,122.30725,0.0,0.0,2018-12-31 05:02:57
21280,29.945166666666665,122.30725,0.0,0.0,2018-12-31 05:12:57
21280,29.945166666666665,122.30725,0.0,0.0,2018-12-31 05:22:57
21280,29.945166666666665,122.30727777777778,0.0,0.0,2018-12-31 05:32:57
21280,29.945138888888888,122.30727777777778,0.0,0.0,2018-12-31 05:42:57
21280,29.945138888888888,122.30730555555556,0.0,0.0,2018-12-31 05:52:57
21280,29.945138888888888,122.30725,0.0,0.0,2018-12-31 06:02:57
21280,29.94508333333333,122.3072222222222,0.0,0.0,2018-12-31 06:12:56
21280,29.945138888888888,122.30725,0.0,0.0,2018-12-31 06:22:56
21280,29.94511111111111,122.3072222222222,0.0,0.0,2018-12-31 06:32:56
21280,29.94511111111111,122.3072222222222,0.0,0.0,2018-12-31 06:42:56
21280,29.94511111111111,122.30638888888888,0.9,0.0,2018-12-31 06:52:56
21280,29.94575,122.32105555555556,8.7,31.0,2018-12-31 07:02:56
21280,29.967111111111112,122.33769444444444,9.4,51.0,2018-12-31 07:12:56
21280,29.97313888888889,122.36594444444444,9.4,105.0,2018-12-31 07:22:56
21280,29.97097222222222,122.39488888888891,8.5,82.0,2018-12-31 07:32:56
21280,29.97658333333333,122.42097222222222,8.2,74.0,2018-12-31 07:42:58
21280,29.98258333333333,122.44675,9.4,79.0,2018-12-31 07:52:58
21280,29.98113888888889,122.47433333333332,8.8,88.0,2018-12-31 08:02:58
21280,29.97266666666666,122.50388888888894,9.1,103.0,2018-12-31 08:12:58
21280,29.970527777777782,122.529,8.5,98.0,2018-12-31 08:22:58
21280,29.97044444444445,122.55480555555556,7.9,87.0,2018-12-31 08:32:58
21280,29.97063888888889,122.58052777777776,7.6,87.0,2018-12-31 08:42:58
21280,29.973305555555555,122.60466666666666,7.2,70.0,2018-12-31 08:52:58
21280,29.98105555555556,122.62430555555557,6.6,49.0,2018-12-31 09:02:58
21280,29.99130555555556,122.6425277777778,6.8,52.0,2018-12-31 09:12:58
21280,30.00130555555556,122.66077777777778,5.8,52.0,2018-12-31 09:22:58
21280,30.01144444444445,122.67897222222224,7.0,58.0,2018-12-31 09:32:58
21280,30.021583333333336,122.69683333333334,6.5,52.0,2018-12-31 09:42:58
21280,30.031388888888888,122.71444444444444,6.8,61.0,2018-12-31 09:52:57
21280,30.04230555555556,122.73313888888887,6.8,63.0,2018-12-31 10:02:57
21280,30.05241666666667,122.75036111111112,5.9,62.0,2018-12-31 10:12:57
21280,30.06336111111111,122.76769444444444,6.0,55.0,2018-12-31 10:22:57
21280,30.07375,122.78369444444444,6.5,51.0,2018-12-31 10:32:57
21280,30.08463888888889,122.79969444444444,5.7,57.0,2018-12-31 10:42:57
21280,30.091805555555556,122.81788888888887,5.8,57.0,2018-12-31 10:52:57
21280,30.1015,122.83186111111112,6.6,54.0,2018-12-31 11:02:57
21280,30.11191666666667,122.84677777777776,6.0,56.0,2018-12-31 11:12:57
21280,30.122138888888887,122.8613611111111,5.7,54.0,2018-12-31 11:22:57
21280,30.133138888888887,122.8769722222222,6.0,65.0,2018-12-31 11:32:57
21280,30.14341666666667,122.89277777777778,5.7,0.0,2018-12-31 11:42:57
21280,30.155,122.90816666666667,5.8,44.0,2018-12-31 11:52:57
21280,30.16455555555555,122.92180555555557,6.2,61.0,2018-12-31 12:02:57
21280,30.175,122.93675,6.5,55.0,2018-12-31 12:12:57
21280,30.186166666666665,122.95333333333332,7.0,46.0,2018-12-31 12:22:57
21280,30.198027777777767,122.97088888888894,6.3,52.0,2018-12-31 12:32:56
21280,30.20877777777777,122.98652777777778,6.5,48.0,2018-12-31 12:42:56
21280,30.220277777777767,123.00219444444444,6.6,57.0,2018-12-31 12:52:56
21280,30.23191666666667,123.01819444444445,5.6,41.0,2018-12-31 13:02:56
21280,30.242555555555555,123.03261111111112,6.4,44.0,2018-12-31 13:12:56
21280,30.25427777777777,123.04847222222222,7.2,45.0,2018-12-31 13:22:56
21280,30.266277777777766,123.06444444444443,7.0,49.0,2018-12-31 13:32:56
21280,30.278416666666665,123.07986111111109,7.1,54.0,2018-12-31 13:42:58
21280,30.277972222222232,123.09119444444444,1.6,143.0,2018-12-31 13:52:58
21280,30.26425,123.10166666666666,8.1,169.0,2018-12-31 14:02:58
21280,30.254527777777767,123.10397222222224,3.0,169.0,2018-12-31 14:12:58
21280,30.24755555555556,123.10188888888888,4.0,173.0,2018-12-31 14:22:58
21280,30.24211111111111,123.10177777777776,1.8,163.0,2018-12-31 14:32:58
21280,30.23716666666667,123.10163888888889,1.8,143.0,2018-12-31 14:42:58
21280,30.233027777777767,123.10122222222222,1.7,193.0,2018-12-31 14:52:58
21280,30.22869444444445,123.1002222222222,2.6,218.0,2018-12-31 15:02:58
21280,30.23113888888889,123.09194444444444,2.8,305.0,2018-12-31 15:12:58
21280,30.23805555555556,123.08994444444444,2.7,14.0,2018-12-31 15:22:58
21280,30.24313888888889,123.08916666666666,2.3,340.0,2018-12-31 15:32:57
21280,30.24808333333333,123.08841666666666,2.2,3.0,2018-12-31 15:42:57
21280,30.25308333333333,123.08733333333332,2.7,339.0,2018-12-31 15:52:57
21280,30.25833333333333,123.08636111111107,1.9,351.0,2018-12-31 16:02:57
21280,30.26347222222222,123.08561111111106,2.0,352.0,2018-12-31 16:12:57
21280,30.268666666666665,123.08525,2.1,355.0,2018-12-31 16:22:57
21280,30.27347222222221,123.08675,2.2,349.0,2018-12-31 16:32:57
21280,30.27875,123.08666666666666,2.1,345.0,2018-12-31 16:42:57
21280,30.28433333333333,123.08658333333334,2.0,349.0,2018-12-31 16:52:57
21280,30.289361111111116,123.08658333333334,1.9,13.0,2018-12-31 17:02:57
21280,30.29475,123.08661111111113,2.0,332.0,2018-12-31 17:12:57
21280,30.300166666666662,123.08686111111106,2.4,347.0,2018-12-31 17:22:57
21280,30.30552777777779,123.0872222222222,1.7,342.0,2018-12-31 17:32:57
21280,30.31091666666667,123.08755555555555,1.9,2.0,2018-12-31 17:42:56
21280,30.316333333333336,123.08802777777775,2.4,19.0,2018-12-31 17:52:57
21280,30.322055555555558,123.08766666666666,2.1,353.0,2018-12-31 18:02:57
21280,30.327277777777766,123.08747222222222,1.8,12.0,2018-12-31 18:12:57
21280,30.332611111111117,123.08716666666666,1.7,2.0,2018-12-31 18:22:56
21280,30.337972222222238,123.08697222222222,1.9,19.0,2018-12-31 18:32:56
21280,30.34325,123.08658333333334,1.9,8.0,2018-12-31 18:42:56
21280,30.3485,123.08641666666666,1.3,0.0,2018-12-31 18:52:56
21280,30.354194444444445,123.08622222222222,2.2,28.0,2018-12-31 19:02:56
21280,30.359,123.086,1.6,339.0,2018-12-31 19:12:56
21280,30.36411111111111,123.08719444444444,3.5,52.0,2018-12-31 19:22:56
21280,30.36347222222221,123.09511111111112,2.4,54.0,2018-12-31 19:32:56
21280,30.361472222222236,123.10013888888888,1.8,110.0,2018-12-31 19:42:58
21280,30.360388888888888,123.1002777777778,3.7,281.0,2018-12-31 19:52:58
21280,30.361,123.0992222222222,0.5,0.0,2018-12-31 20:02:58
21280,30.35975,123.09969444444444,0.3,0.0,2018-12-31 20:12:58
21280,30.36833333333333,123.10227777777776,2.2,15.0,2018-12-31 20:22:58
21280,30.363777777777766,123.10341666666666,2.9,169.0,2018-12-31 20:32:58
21280,30.354388888888888,123.1074722222222,1.7,168.0,2018-12-31 20:52:58
21280,30.349472222222207,123.10955555555556,2.2,174.0,2018-12-31 21:02:58
21280,30.34475,123.11286111111109,2.1,135.0,2018-12-31 21:12:57
21280,30.34033333333333,123.11577777777777,1.8,127.0,2018-12-31 21:22:57
21280,30.335638888888887,123.11908333333332,2.1,136.0,2018-12-31 21:32:57
21280,30.33058333333333,123.12130555555557,2.0,187.0,2018-12-31 21:42:57
21280,30.325416666666666,123.12252777777776,2.3,191.0,2018-12-31 21:52:57
21280,30.320166666666665,123.12366666666668,2.3,143.0,2018-12-31 22:02:57
21280,30.31508333333333,123.1260277777778,2.6,149.0,2018-12-31 22:12:57
21280,30.30988888888889,123.128,1.9,160.0,2018-12-31 22:22:57
21280,30.304444444444453,123.12936111111112,2.2,162.0,2018-12-31 22:32:57
21280,30.298972222222236,123.12961111111107,1.7,184.0,2018-12-31 22:42:57
21280,30.29355555555556,123.1294722222222,1.9,185.0,2018-12-31 22:52:57
21280,30.287888888888887,123.12958333333331,2.0,160.0,2018-12-31 23:02:57
21280,30.28247222222221,123.12927777777776,1.8,0.0,2018-12-31 23:12:57
21280,30.2765,123.12919444444444,2.2,176.0,2018-12-31 23:22:57
21280,30.27122222222221,123.12944444444445,2.1,160.0,2018-12-31 23:32:57
21280,30.26544444444445,123.12933333333334,2.3,163.0,2018-12-31 23:42:57
21280,30.25952777777777,123.12927777777776,2.2,171.0,2018-12-31 23:52:57
21280,30.253611111111116,123.12919444444444,3.1,190.0,2019-01-01 00:02:56
21280,30.24183333333333,123.12880555555556,1.8,169.0,2019-01-01 00:22:56
21280,30.23622222222221,123.12874999999998,2.0,159.0,2019-01-01 00:32:56
21280,30.230611111111116,123.12866666666666,2.0,181.0,2019-01-01 00:42:56
21280,30.22502777777777,123.12877777777776,2.2,191.0,2019-01-01 00:52:56
21280,30.21947222222222,123.1287222222222,2.0,181.0,2019-01-01 01:02:56
21280,30.214,123.12866666666666,1.9,182.0,2019-01-01 01:12:56
21280,30.20855555555556,123.12880555555556,1.9,177.0,2019-01-01 01:22:56
21280,30.202916666666663,123.12841666666668,2.0,172.0,2019-01-01 01:32:58
21280,30.19794444444444,123.128,2.4,194.0,2019-01-01 01:42:58
21280,30.192777777777767,123.12755555555556,2.0,182.0,2019-01-01 01:52:58
21280,30.18775,123.12713888888888,2.0,157.0,2019-01-01 02:02:58
21280,30.18283333333333,123.12669444444444,2.2,210.0,2019-01-01 02:12:58
21280,30.17805555555556,123.12616666666666,1.3,168.0,2019-01-01 02:22:58
21280,30.179055555555557,123.125,0.8,309.0,2019-01-01 02:32:58
21280,30.177944444444453,123.1227222222222,0.6,218.0,2019-01-01 02:42:57
21280,30.17736111111111,123.11991666666668,3.5,56.0,2019-01-01 02:52:57
21280,30.174083333333336,123.13252777777775,6.4,116.0,2019-01-01 03:02:57
21280,30.16216666666667,123.14736111111112,7.3,117.0,2019-01-01 03:12:57
21280,30.1515,123.16194444444444,8.2,112.0,2019-01-01 03:22:57
21280,30.144,123.16788888888892,3.3,296.0,2019-01-01 03:32:57
21280,30.151138888888887,123.16802777777778,1.9,320.0,2019-01-01 03:42:57
21280,30.154972222222234,123.16791666666668,1.6,7.0,2019-01-01 03:52:57
21280,30.15925,123.16677777777778,2.6,315.0,2019-01-01 04:02:57
21280,30.163055555555548,123.1612222222222,1.9,308.0,2019-01-01 04:12:57
21280,30.16622222222221,123.15588888888892,2.2,329.0,2019-01-01 04:22:57
21280,30.16938888888889,123.15058333333332,1.8,314.0,2019-01-01 04:32:57
21280,30.172888888888888,123.14544444444444,2.0,307.0,2019-01-01 04:42:57
21280,30.180944444444453,123.13644444444444,2.1,315.0,2019-01-01 05:02:57
21280,30.18561111111111,123.1327777777778,2.0,347.0,2019-01-01 05:12:57
21280,30.190777777777782,123.13052777777776,2.0,352.0,2019-01-01 05:22:57
21280,30.19619444444445,123.13016666666668,2.0,349.0,2019-01-01 05:32:56
21280,30.20144444444445,123.12958333333331,2.2,347.0,2019-01-01 05:42:56
21280,30.20683333333333,123.12874999999998,2.6,303.0,2019-01-01 05:52:56
21280,30.21194444444445,123.12769444444444,2.0,349.0,2019-01-01 06:02:56
21280,30.217277777777767,123.12641666666666,1.3,345.0,2019-01-01 06:12:56
21280,30.22266666666666,123.1255,1.8,322.0,2019-01-01 06:22:56
21280,30.22786111111111,123.12444444444444,2.5,320.0,2019-01-01 06:32:56
21280,30.23308333333333,123.12375,2.0,351.0,2019-01-01 06:42:56
21280,30.2385,123.12269444444443,1.6,336.0,2019-01-01 06:52:56
21280,30.243361111111117,123.12263888888889,2.2,11.0,2019-01-01 07:02:56
21280,30.24833333333333,123.12288888888888,2.3,41.0,2019-01-01 07:12:56
21280,30.25311111111111,123.12308333333333,1.9,7.0,2019-01-01 07:22:56
21280,30.25788888888889,123.12325,2.4,334.0,2019-01-01 07:32:58
21280,30.26283333333333,123.1233611111111,2.1,323.0,2019-01-01 07:42:58
21280,30.26783333333333,123.12297222222222,1.8,30.0,2019-01-01 07:52:58
21280,30.27308333333333,123.12255555555556,1.9,316.0,2019-01-01 08:02:57
21280,30.2775,123.12186111111107,1.2,354.0,2019-01-01 08:12:57
21280,30.282055555555555,123.12122222222222,1.8,44.0,2019-01-01 08:22:57
21280,30.2865,123.121,1.6,21.0,2019-01-01 08:32:57
21280,30.29116666666667,123.12136111111109,2.2,28.0,2019-01-01 08:42:57
21280,30.29283333333333,123.12580555555556,2.8,208.0,2019-01-01 08:52:57
21280,30.28994444444445,123.12511111111112,0.8,88.0,2019-01-01 09:02:57
21280,30.288000000000004,123.12616666666666,1.0,160.0,2019-01-01 09:12:57
21280,30.285722222222237,123.12730555555557,2.0,166.0,2019-01-01 09:22:57
21280,30.27983333333333,123.12780555555555,1.6,161.0,2019-01-01 09:32:57
21280,30.26902777777777,123.12913888888887,2.0,178.0,2019-01-01 09:52:57
21280,30.263361111111116,123.12927777777776,1.7,169.0,2019-01-01 10:02:57
21280,30.25758333333333,123.13069444444444,1.8,163.0,2019-01-01 10:12:57
21280,30.252277777777767,123.13061111111112,2.2,200.0,2019-01-01 10:22:57
21280,30.24688888888889,123.12975,1.8,203.0,2019-01-01 10:32:57
21280,30.24136111111111,123.12888888888888,2.1,176.0,2019-01-01 10:42:57
21280,30.23566666666667,123.12913888888887,2.1,154.0,2019-01-01 10:52:56
21280,30.22977777777777,123.12988888888889,2.2,184.0,2019-01-01 11:02:56
21280,30.22394444444444,123.13061111111112,2.3,168.0,2019-01-01 11:12:56
21280,30.218055555555555,123.13155555555556,1.8,164.0,2019-01-01 11:22:56
21280,30.21230555555555,123.13358333333332,2.4,149.0,2019-01-01 11:32:56
21280,30.20636111111111,123.13491666666668,2.6,170.0,2019-01-01 11:42:56
21280,30.200222222222237,123.13566666666668,2.8,151.0,2019-01-01 11:52:56
21280,30.19400000000001,123.13625,2.1,192.0,2019-01-01 12:02:56
21280,30.18780555555556,123.137,2.0,163.0,2019-01-01 12:12:56
21280,30.18113888888889,123.13755555555556,2.3,179.0,2019-01-01 12:22:56
21280,30.17530555555556,123.13786111111112,2.4,168.0,2019-01-01 12:32:56
21280,30.16919444444445,123.1382777777778,2.1,179.0,2019-01-01 12:42:56
21280,30.16311111111111,123.13855555555556,2.8,185.0,2019-01-01 12:52:56
21280,30.15708333333333,123.1392777777778,2.5,182.0,2019-01-01 13:02:56
21280,30.15122222222222,123.13969444444444,2.7,180.0,2019-01-01 13:12:56
21280,30.14530555555556,123.13997222222224,2.0,151.0,2019-01-01 13:22:58
21280,30.139555555555557,123.14022222222222,2.4,142.0,2019-01-01 13:32:57
21280,30.12825,123.14105555555555,1.6,177.0,2019-01-01 13:52:57
21280,30.122666666666664,123.1415,2.2,161.0,2019-01-01 14:02:57
21280,30.11708333333333,123.14172222222224,2.2,165.0,2019-01-01 14:12:57
21280,30.11197222222223,123.14219444444444,2.5,148.0,2019-01-01 14:22:57
21280,30.106472222222237,123.14258333333336,2.7,195.0,2019-01-01 14:32:57
21280,30.10161111111111,123.14327777777778,2.1,173.0,2019-01-01 14:42:57
21280,30.09663888888889,123.14383333333332,1.5,180.0,2019-01-01 14:52:57
21280,30.091777777777768,123.14405555555555,1.6,161.0,2019-01-01 15:02:57
21280,30.087111111111117,123.14436111111112,2.1,169.0,2019-01-01 15:12:57
21280,30.082555555555555,123.14475,2.4,213.0,2019-01-01 15:22:57
21280,30.078055555555554,123.145,1.5,158.0,2019-01-01 15:32:57
21280,30.07486111111111,123.14505555555556,1.0,336.0,2019-01-01 15:42:57
21280,30.076638888888887,123.14461111111112,2.9,190.0,2019-01-01 15:52:57
21280,30.075055555555554,123.14286111111112,1.8,171.0,2019-01-01 16:02:57
21280,30.0725,123.14163888888888,1.3,258.0,2019-01-01 16:12:56
21280,30.08183333333333,123.1419722222222,5.2,351.0,2019-01-01 16:22:57
21280,30.0945,123.14069444444443,3.2,339.0,2019-01-01 16:32:56
21280,30.09697222222222,123.13780555555556,4.6,336.0,2019-01-01 16:42:56
21280,30.10297222222223,123.1372777777778,1.6,10.0,2019-01-01 16:52:56
21280,30.10755555555556,123.13641666666668,2.3,319.0,2019-01-01 17:02:56
21280,30.112444444444453,123.13591666666667,1.6,20.0,2019-01-01 17:12:56
21280,30.117305555555557,123.13491666666668,2.2,27.0,2019-01-01 17:22:56
21280,30.12241666666667,123.13383333333334,2.1,348.0,2019-01-01 17:32:56
21280,30.12775,123.13263888888888,2.0,13.0,2019-01-01 17:42:56
21280,30.13308333333333,123.13133333333332,2.5,2.0,2019-01-01 17:52:56
21280,30.13844444444444,123.13011111111106,1.8,352.0,2019-01-01 18:02:56
21280,30.14386111111111,123.12925,2.4,333.0,2019-01-01 18:12:56
21280,30.14919444444445,123.1287222222222,1.9,22.0,2019-01-01 18:22:56
21280,30.154694444444445,123.12755555555556,2.0,339.0,2019-01-01 18:32:56
21280,30.15988888888889,123.12744444444444,1.6,28.0,2019-01-01 18:42:56
21280,30.165527777777783,123.12694444444443,2.1,8.0,2019-01-01 18:52:56
21280,30.17083333333333,123.12672222222224,2.2,27.0,2019-01-01 19:02:55
21280,30.17616666666667,123.127,2.6,8.0,2019-01-01 19:12:55
21280,30.181527777777767,123.12733333333333,2.2,21.0,2019-01-01 19:22:58
21280,30.187027777777782,123.12766666666668,2.2,330.0,2019-01-01 19:32:58
21280,30.19230555555556,123.128,2.1,325.0,2019-01-01 19:42:57
21280,30.19747222222223,123.12813888888888,1.7,321.0,2019-01-01 19:52:57
21280,30.2025,123.12861111111108,2.1,36.0,2019-01-01 20:02:57
21280,30.207472222222236,123.129,1.8,12.0,2019-01-01 20:12:57
21280,30.212527777777765,123.12933333333334,2.3,36.0,2019-01-01 20:22:57
21280,30.217388888888888,123.12963888888888,2.3,27.0,2019-01-01 20:32:57
21280,30.222055555555556,123.13016666666668,1.8,23.0,2019-01-01 20:42:57
21280,30.22661111111111,123.13080555555555,1.9,338.0,2019-01-01 20:52:57
21280,30.231527777777767,123.1325,2.3,321.0,2019-01-01 21:02:57
21280,30.24016666666667,123.13552777777778,2.1,18.0,2019-01-01 21:22:57
21280,30.24433333333333,123.13797222222225,1.3,22.0,2019-01-01 21:32:57
21280,30.247222222222238,123.1425,1.7,47.0,2019-01-01 21:42:57
21280,30.24361111111111,123.14272222222225,2.3,70.0,2019-01-01 21:52:56
21280,30.24163888888889,123.14411111111112,0.8,149.0,2019-01-01 22:02:56
21280,30.23927777777777,123.14405555555555,3.0,350.0,2019-01-01 22:12:56
21280,30.254472222222237,123.1437222222222,5.4,338.0,2019-01-01 22:22:56
21280,30.26725,123.13333333333334,1.5,316.0,2019-01-01 22:32:56
21280,30.25975,123.1327222222222,1.8,184.0,2019-01-01 22:42:56
21280,30.25441666666667,123.13466666666667,2.4,144.0,2019-01-01 22:52:56
21280,30.249194444444445,123.13708333333334,1.9,199.0,2019-01-01 23:02:56
21280,30.24341666666667,123.1382777777778,2.0,199.0,2019-01-01 23:12:56
21280,30.238250000000004,123.1387777777778,1.9,196.0,2019-01-01 23:22:56
21280,30.23266666666667,123.13905555555556,2.0,159.0,2019-01-01 23:32:56
21280,30.22697222222222,123.13944444444444,2.6,164.0,2019-01-01 23:42:56
21280,30.221277777777768,123.13991666666668,2.1,184.0,2019-01-01 23:52:56
21280,30.21538888888889,123.14025,2.1,177.0,2019-01-02 00:02:56
21280,30.20944444444445,123.14044444444444,1.8,177.0,2019-01-02 00:12:56
21280,30.2035,123.14066666666668,2.0,166.0,2019-01-02 00:22:56
21280,30.19775000000001,123.14088888888894,1.7,182.0,2019-01-02 00:32:56
21280,30.19188888888889,123.14108333333331,1.9,186.0,2019-01-02 00:42:55
21280,30.186083333333336,123.14133333333334,2.2,154.0,2019-01-02 00:52:55
21280,30.180277777777786,123.14183333333337,1.9,171.0,2019-01-02 01:02:55
21280,30.174138888888887,123.14241666666668,2.5,175.0,2019-01-02 01:12:55
21280,30.16788888888889,123.14286111111112,2.2,167.0,2019-01-02 01:22:57
21280,30.16258333333333,123.14333333333336,1.9,156.0,2019-01-02 01:32:57
21280,30.15675,123.14341666666668,2.3,181.0,2019-01-02 01:42:57
21280,30.15108333333333,123.14333333333336,2.1,190.0,2019-01-02 01:52:57
21280,30.14558333333333,123.14305555555556,2.3,165.0,2019-01-02 02:02:57
21280,30.13975,123.14266666666668,1.6,157.0,2019-01-02 02:12:57
21280,30.134,123.14283333333334,2.8,151.0,2019-01-02 02:22:57
21280,30.128416666666663,123.1425,1.8,175.0,2019-01-02 02:32:57
21280,30.122972222222234,123.1424722222222,1.7,0.0,2019-01-02 02:42:57
21280,30.117611111111117,123.14236111111111,1.9,0.0,2019-01-02 02:52:57
21280,30.1125,123.14238888888892,2.5,89.0,2019-01-02 03:02:57
21280,30.107388888888888,123.14208333333332,1.9,0.0,2019-01-02 03:12:57
21280,30.10238888888889,123.14222222222224,2.0,163.0,2019-01-02 03:22:57
21280,30.097555555555555,123.14230555555557,1.3,170.0,2019-01-02 03:32:57
21280,30.09330555555556,123.14244444444444,1.5,134.0,2019-01-02 03:42:57
21280,30.08883333333333,123.14272222222225,2.3,190.0,2019-01-02 03:52:56
21280,30.088611111111117,123.13972222222225,3.4,321.0,2019-01-02 04:02:56
21280,30.088916666666663,123.138,1.5,208.0,2019-01-02 04:12:56
21280,30.08738888888889,123.13588888888891,1.2,234.0,2019-01-02 04:22:56
21280,30.085666666666665,123.1329722222222,2.1,313.0,2019-01-02 04:32:56
21280,30.08511111111111,123.13580555555556,6.4,92.0,2019-01-02 04:42:56
21280,30.08644444444444,123.14747222222222,3.0,241.0,2019-01-02 04:52:56
21280,30.09261111111111,123.14358333333334,2.2,329.0,2019-01-02 05:02:56
21280,30.09738888888889,123.14327777777778,1.9,349.0,2019-01-02 05:12:56
21280,30.102277777777783,123.14327777777778,1.8,14.0,2019-01-02 05:22:56
21280,30.10716666666667,123.14322222222224,1.6,16.0,2019-01-02 05:32:56
21280,30.11258333333333,123.14313888888891,1.8,18.0,2019-01-02 05:42:56
21280,30.117361111111112,123.14288888888888,2.0,342.0,2019-01-02 05:52:56
21280,30.12252777777777,123.14261111111112,1.9,352.0,2019-01-02 06:02:56
21280,30.12791666666667,123.14244444444444,2.6,337.0,2019-01-02 06:12:56
21280,30.13344444444445,123.14188888888891,1.8,22.0,2019-01-02 06:22:56
21280,30.139055555555554,123.14155555555556,2.3,341.0,2019-01-02 06:32:56
21280,30.15019444444445,123.14083333333332,2.2,351.0,2019-01-02 06:52:55
21280,30.15588888888889,123.14025,2.0,330.0,2019-01-02 07:02:55
21280,30.16161111111111,123.13997222222224,1.9,348.0,2019-01-02 07:12:55
21280,30.167305555555554,123.13955555555556,2.1,346.0,2019-01-02 07:22:55
21280,30.172916666666666,123.13913888888894,2.3,339.0,2019-01-02 07:32:57
21280,30.17841666666667,123.13863888888888,2.0,2.0,2019-01-02 07:42:57
21280,30.184472222222237,123.13836111111112,1.6,351.0,2019-01-02 07:52:55
21280,30.189694444444445,123.13802777777778,2.3,7.0,2019-01-02 08:02:57
21280,30.19538888888889,123.13775,2.1,341.0,2019-01-02 08:12:57
21280,30.20111111111111,123.13716666666669,2.3,344.0,2019-01-02 08:22:57
21280,30.20694444444444,123.13638888888892,2.0,348.0,2019-01-02 08:32:57
21280,30.212138888888887,123.13575,2.2,349.0,2019-01-02 08:42:57
21280,30.21744444444445,123.13511111111112,2.3,327.0,2019-01-02 08:52:57
21280,30.22283333333333,123.13455555555556,1.9,14.0,2019-01-02 09:02:57
21280,30.22797222222223,123.13402777777776,2.1,326.0,2019-01-02 09:12:57
21280,30.233,123.13366666666668,2.1,330.0,2019-01-02 09:22:57
21280,30.23775,123.13669444444444,1.4,47.0,2019-01-02 09:32:56
21280,30.24719444444445,123.1397777777778,2.1,13.0,2019-01-02 09:52:56
21280,30.252194444444445,123.13938888888887,1.7,4.0,2019-01-02 10:02:56
21280,30.250472222222232,123.14411111111112,1.3,122.0,2019-01-02 10:22:56
21280,30.24894444444445,123.14441666666669,1.7,178.0,2019-01-02 10:32:56
21280,30.261388888888888,123.13997222222224,6.9,354.0,2019-01-02 10:42:56
21280,30.25936111111111,123.13802777777778,2.3,164.0,2019-01-02 10:52:56
21280,30.25461111111111,123.13902777777778,2.4,143.0,2019-01-02 11:02:56
21280,30.24988888888889,123.14055555555557,1.7,168.0,2019-01-02 11:12:56
21280,30.24508333333333,123.14211111111112,1.8,145.0,2019-01-02 11:22:56
21280,30.23983333333333,123.14386111111112,2.3,181.0,2019-01-02 11:32:56
21280,30.23491666666667,123.14483333333334,1.7,171.0,2019-01-02 11:42:56
21280,30.230027777777767,123.14625,1.9,163.0,2019-01-02 11:52:56
21280,30.224888888888888,123.148,1.9,153.0,2019-01-02 12:02:55
21280,30.219555555555548,123.15011111111112,1.6,148.0,2019-01-02 12:12:55
21280,30.215416666666663,123.1537777777778,2.1,146.0,2019-01-02 12:22:55
21280,30.204555555555554,123.15563888888892,1.9,181.0,2019-01-02 12:42:55
21280,30.199,123.1562777777778,2.1,177.0,2019-01-02 12:52:55
21280,30.1935,123.15666666666668,2.0,182.0,2019-01-02 13:02:55
21280,30.18802777777778,123.15705555555556,2.1,171.0,2019-01-02 13:12:55
21280,30.18241666666667,123.15722222222225,2.8,192.0,2019-01-02 13:22:57
21280,30.176222222222236,123.15752777777776,2.1,186.0,2019-01-02 13:32:57
21280,30.17055555555556,123.158,2.4,166.0,2019-01-02 13:42:57
21280,30.16508333333333,123.15822222222224,2.2,142.0,2019-01-02 13:52:57
21280,30.15969444444445,123.15858333333334,2.3,194.0,2019-01-02 14:02:57
21280,30.15419444444445,123.15880555555556,1.5,166.0,2019-01-02 14:12:57
21280,30.148416666666662,123.15911111111112,2.0,160.0,2019-01-02 14:22:57
21280,30.14344444444445,123.15988888888891,2.6,151.0,2019-01-02 14:32:57
21280,30.13805555555556,123.16016666666668,1.9,174.0,2019-01-02 14:42:56
21280,30.13286111111111,123.16044444444444,1.7,171.0,2019-01-02 14:52:56
21280,30.127666666666663,123.16055555555556,1.7,187.0,2019-01-02 15:02:56
21280,30.122777777777767,123.1605,1.8,179.0,2019-01-02 15:12:56
21280,30.11775,123.15961111111112,2.0,200.0,2019-01-02 15:22:56
21280,30.11288888888889,123.15836111111112,1.5,188.0,2019-01-02 15:32:56
21280,30.10819444444445,123.15730555555557,1.8,198.0,2019-01-02 15:42:56
21280,30.10355555555556,123.15608333333331,1.7,193.0,2019-01-02 15:52:56
21280,30.098888888888887,123.15397222222224,2.1,219.0,2019-01-02 16:02:56
21280,30.09508333333333,123.15205555555556,1.2,0.0,2019-01-02 16:12:56
21280,30.098277777777767,123.15177777777778,1.4,242.0,2019-01-02 16:22:56
21280,30.07980555555556,123.16666666666669,7.5,135.0,2019-01-02 16:52:56
21280,30.069222222222223,123.1717777777778,2.9,235.0,2019-01-02 17:02:56
21280,30.07652777777777,123.1695277777778,2.0,341.0,2019-01-02 17:12:56
21280,30.081972222222237,123.16925,2.3,342.0,2019-01-02 17:22:56
21280,30.08738888888889,123.16894444444443,2.3,338.0,2019-01-02 17:32:55
21280,30.09288888888889,123.16852777777778,2.7,335.0,2019-01-02 17:42:55
21280,30.09855555555556,123.16825,2.1,16.0,2019-01-02 17:52:55
21280,30.10433333333333,123.16763888888887,2.2,340.0,2019-01-02 18:02:55
21280,30.110166666666668,123.1672222222222,1.5,344.0,2019-01-02 18:12:55
21280,30.116083333333336,123.16661111111112,1.6,353.0,2019-01-02 18:22:55
21280,30.122055555555555,123.16686111111112,1.9,345.0,2019-01-02 18:32:55
21280,30.12783333333333,123.16769444444444,1.9,1.0,2019-01-02 18:42:55
21280,30.13308333333333,123.16819444444444,2.5,2.0,2019-01-02 18:52:55
21280,30.13861111111111,123.16941666666666,1.2,19.0,2019-01-02 19:02:55
21280,30.14408333333333,123.17080555555556,2.2,55.0,2019-01-02 19:12:55
21280,30.149611111111117,123.17213888888894,2.4,17.0,2019-01-02 19:22:57
21280,30.155305555555557,123.17338888888894,2.2,2.0,2019-01-02 19:32:57
21280,30.16086111111111,123.17491666666668,2.0,15.0,2019-01-02 19:42:57
21280,30.16666666666667,123.17605555555556,2.1,6.0,2019-01-02 19:52:57
21280,30.17241666666667,123.17752777777778,2.4,23.0,2019-01-02 20:02:57
21280,30.17830555555556,123.17844444444444,2.0,10.0,2019-01-02 20:12:57
21280,30.184361111111112,123.17825,1.8,11.0,2019-01-02 20:22:57
21280,30.190222222222232,123.17819444444444,1.9,27.0,2019-01-02 20:32:57
21280,30.19619444444445,123.1785,1.8,18.0,2019-01-02 20:42:57
21280,30.202305555555554,123.17833333333334,2.4,9.0,2019-01-02 20:52:56
21280,30.207694444444453,123.17833333333334,1.7,351.0,2019-01-02 21:02:56
21280,30.21322222222221,123.17811111111112,2.1,343.0,2019-01-02 21:12:56
21280,30.21883333333333,123.17794444444444,2.0,13.0,2019-01-02 21:22:56
21280,30.22433333333333,123.17791666666666,1.8,342.0,2019-01-02 21:32:56
21280,30.22961111111111,123.17788888888887,1.9,356.0,2019-01-02 21:42:56
21280,30.23494444444445,123.17772222222224,2.1,11.0,2019-01-02 21:52:56
21280,30.240277777777766,123.17752777777778,2.1,355.0,2019-01-02 22:02:56
21280,30.245500000000003,123.17775,2.5,329.0,2019-01-02 22:12:56
21280,30.250472222222232,123.178,2.3,0.0,2019-01-02 22:22:56
21280,30.255138888888887,123.17897222222224,2.1,0.0,2019-01-02 22:32:56
21280,30.257527777777767,123.18608333333331,2.8,119.0,2019-01-02 22:42:56
21280,30.254472222222237,123.18455555555556,1.9,37.0,2019-01-02 22:52:56
21280,30.253777777777767,123.18555555555557,0.5,164.0,2019-01-02 23:02:56
21280,30.25708333333333,123.18152777777776,9.0,308.0,2019-01-02 23:12:55
21280,30.25355555555556,123.17619444444443,1.8,172.0,2019-01-02 23:22:56
21280,30.248916666666663,123.1774722222222,1.8,164.0,2019-01-02 23:32:55
21280,30.244222222222238,123.17863888888888,1.6,172.0,2019-01-02 23:42:55
21280,30.23958333333333,123.17938888888894,1.9,179.0,2019-01-02 23:52:55
21280,30.23472222222223,123.1797222222222,1.6,186.0,2019-01-03 00:02:55
21280,30.229805555555554,123.17997222222222,1.7,172.0,2019-01-03 00:12:55
21280,30.22483333333333,123.17994444444444,1.7,187.0,2019-01-03 00:22:55
21280,30.21972222222222,123.18002777777778,1.9,190.0,2019-01-03 00:32:55
21280,30.21447222222222,123.18013888888888,2.1,168.0,2019-01-03 00:42:55
21280,30.20922222222222,123.18013888888888,2.0,185.0,2019-01-03 00:52:55
21280,30.203916666666665,123.18013888888888,1.9,175.0,2019-01-03 01:02:55
21280,30.198277777777783,123.18002777777778,2.2,178.0,2019-01-03 01:12:57
21280,30.19325000000001,123.17991666666668,1.8,168.0,2019-01-03 01:22:57
21280,30.18786111111111,123.1797222222222,2.1,181.0,2019-01-03 01:32:57
21280,30.18225,123.17925,1.7,176.0,2019-01-03 01:42:57
21280,30.17675,123.17866666666669,2.1,162.0,2019-01-03 01:52:57
21280,30.171138888888887,123.17822222222225,1.9,183.0,2019-01-03 02:02:57
21280,30.16563888888889,123.17755555555556,2.1,180.0,2019-01-03 02:12:56
21280,30.160138888888888,123.17708333333331,1.6,171.0,2019-01-03 02:22:56
21280,30.154694444444445,123.17655555555557,1.9,180.0,2019-01-03 02:32:56
21280,30.149305555555557,123.17630555555556,1.9,181.0,2019-01-03 02:42:56
21280,30.143916666666662,123.17611111111113,1.8,192.0,2019-01-03 02:52:56
21280,30.138638888888888,123.17586111111112,1.8,185.0,2019-01-03 03:02:56
21280,30.133416666666665,123.1755,2.0,171.0,2019-01-03 03:12:56
21280,30.128138888888888,123.17533333333334,1.6,188.0,2019-01-03 03:22:56
21280,30.123583333333336,123.17488888888892,1.8,191.0,2019-01-03 03:32:56
21280,30.11888888888889,123.17452777777778,1.8,153.0,2019-01-03 03:42:56
21280,30.11030555555556,123.17366666666668,1.9,195.0,2019-01-03 04:02:56
21280,30.10619444444445,123.17336111111106,1.4,191.0,2019-01-03 04:12:56
21280,30.10216666666667,123.17330555555556,2.0,190.0,2019-01-03 04:22:56
21280,30.09822222222222,123.17305555555556,1.6,178.0,2019-01-03 04:32:56
21280,30.094472222222237,123.17275,1.2,190.0,2019-01-03 04:42:56
21280,30.090888888888887,123.17238888888892,1.3,153.0,2019-01-03 04:52:56
21280,30.09119444444445,123.17133333333334,2.2,7.0,2019-01-03 05:02:56
21280,30.092805555555557,123.16586111111113,1.1,294.0,2019-01-03 05:22:55
21280,30.088611111111117,123.16980555555556,6.2,131.0,2019-01-03 05:32:55
21280,30.07761111111111,123.18216666666667,4.9,135.0,2019-01-03 05:42:55
21280,30.077777777777783,123.18352777777778,2.6,7.0,2019-01-03 05:52:55
21280,30.086666666666662,123.18255555555557,2.3,355.0,2019-01-03 06:02:55
21280,30.09244444444445,123.18169444444445,1.9,358.0,2019-01-03 06:12:55
21280,30.09858333333333,123.18063888888894,2.3,9.0,2019-01-03 06:22:55
21280,30.10461111111111,123.17947222222222,2.2,9.0,2019-01-03 06:32:55
21280,30.110750000000003,123.17863888888888,2.4,355.0,2019-01-03 06:42:55
21280,30.11705555555556,123.17788888888887,2.4,4.0,2019-01-03 06:52:55
21280,30.12341666666667,123.17744444444445,1.9,15.0,2019-01-03 07:02:55
21280,30.12975,123.17705555555555,2.1,5.0,2019-01-03 07:12:55
21280,30.136,123.17625,2.4,30.0,2019-01-03 07:22:57
21280,30.14241666666667,123.17594444444444,2.0,0.0,2019-01-03 07:32:57
21280,30.14919444444445,123.17577777777778,2.2,352.0,2019-01-03 07:42:55
21280,30.161638888888888,123.17563888888893,2.5,355.0,2019-01-03 08:02:56
21280,30.167972222222232,123.1755,2.3,352.0,2019-01-03 08:12:56
21280,30.174277777777768,123.17552777777776,2.0,5.0,2019-01-03 08:22:56
21280,30.18077777777778,123.17544444444444,2.1,356.0,2019-01-03 08:32:56
21280,30.18675,123.17547222222224,2.1,356.0,2019-01-03 08:42:56
21280,30.193,123.1755,2.4,342.0,2019-01-03 08:52:56
21280,30.19925,123.17544444444444,2.4,357.0,2019-01-03 09:02:56
21280,30.205527777777768,123.17552777777776,2.2,340.0,2019-01-03 09:12:56
21280,30.21161111111111,123.17555555555556,2.3,7.0,2019-01-03 09:22:56
21280,30.217666666666663,123.17533333333334,2.0,341.0,2019-01-03 09:32:56
21280,30.223527777777782,123.17488888888892,1.4,355.0,2019-01-03 09:42:56
21280,30.229861111111116,123.17463888888894,2.1,349.0,2019-01-03 09:52:56
21280,30.235166666666665,123.17436111111112,1.9,7.0,2019-01-03 10:02:56
21280,30.24058333333333,123.17419444444444,1.9,3.0,2019-01-03 10:12:56
21280,30.24583333333333,123.17408333333334,1.7,357.0,2019-01-03 10:22:55
21280,30.25125,123.1737222222222,1.9,3.0,2019-01-03 10:32:55
21280,30.25608333333333,123.1737222222222,2.4,349.0,2019-01-03 10:42:55
21280,30.261111111111116,123.17536111111112,1.9,22.0,2019-01-03 10:52:55
21280,30.26511111111111,123.17961111111111,2.5,57.0,2019-01-03 11:02:55
21280,30.26586111111111,123.18586111111112,2.0,158.0,2019-01-03 11:12:55
21280,30.262472222222208,123.1835,0.8,333.0,2019-01-03 11:22:55
21280,30.261944444444445,123.18386111111111,1.3,185.0,2019-01-03 11:32:55
21280,30.26105555555556,123.18375,1.8,127.0,2019-01-03 11:42:55
21280,30.255194444444445,123.18016666666668,2.5,164.0,2019-01-03 11:52:55
21280,30.24988888888889,123.18080555555557,1.7,184.0,2019-01-03 12:02:55
21280,30.24541666666667,123.18130555555555,1.8,170.0,2019-01-03 12:12:55
21280,30.24055555555556,123.18169444444445,1.7,185.0,2019-01-03 12:22:55
21280,30.235611111111112,123.18208333333334,1.6,188.0,2019-01-03 12:32:55
21280,30.23038888888889,123.18258333333334,1.7,166.0,2019-01-03 12:42:55
21280,30.22516666666667,123.18316666666666,1.9,185.0,2019-01-03 12:52:55
21280,30.21983333333333,123.18355555555556,1.6,176.0,2019-01-03 13:02:57
21280,30.214527777777768,123.18358333333332,1.8,177.0,2019-01-03 13:12:57
21280,30.209111111111117,123.18333333333334,1.9,198.0,2019-01-03 13:22:57
21280,30.203722222222236,123.18302777777778,1.5,191.0,2019-01-03 13:32:56
21280,30.19841666666667,123.18294444444444,2.0,153.0,2019-01-03 13:42:56
21280,30.19305555555556,123.18286111111112,1.7,178.0,2019-01-03 13:52:56
21280,30.18722222222221,123.183,2.0,181.0,2019-01-03 14:02:56
21280,30.18208333333333,123.18297222222223,1.8,177.0,2019-01-03 14:12:56
21280,30.177138888888887,123.18302777777778,1.8,178.0,2019-01-03 14:22:56
21280,30.172027777777767,123.18308333333331,1.8,172.0,2019-01-03 14:32:56
21280,30.166138888888888,123.1834722222222,2.8,174.0,2019-01-03 14:42:56
21280,30.16069444444444,123.18361111111112,1.9,192.0,2019-01-03 14:52:56
21280,30.15586111111111,123.18375,2.0,187.0,2019-01-03 15:02:56
21280,30.151027777777767,123.18383333333334,1.8,177.0,2019-01-03 15:12:56
21280,30.146166666666662,123.18391666666666,2.4,192.0,2019-01-03 15:22:56
21280,30.14130555555556,123.18413888888888,1.9,141.0,2019-01-03 15:32:56
21280,30.13661111111111,123.18425,1.8,191.0,2019-01-03 15:42:56
21280,30.13211111111111,123.18436111111112,1.4,184.0,2019-01-03 15:52:56
21280,30.12769444444445,123.18438888888888,1.5,162.0,2019-01-03 16:02:56
21280,30.12327777777778,123.18358333333332,1.3,0.0,2019-01-03 16:12:56
21280,30.11486111111111,123.18288888888893,1.8,197.0,2019-01-03 16:32:55
21280,30.110916666666668,123.18141666666666,1.7,211.0,2019-01-03 16:42:55
21280,30.10716666666667,123.17916666666667,1.4,204.0,2019-01-03 16:52:55
21280,30.10491666666667,123.17694444444444,1.7,15.0,2019-01-03 17:02:55
21280,30.10855555555556,123.17830555555555,0.9,329.0,2019-01-03 17:12:55
21280,30.10891666666667,123.17613888888889,0.9,43.0,2019-01-03 17:22:55
21280,30.10905555555556,123.17416666666666,1.1,277.0,2019-01-03 17:32:55
21280,30.10183333333333,123.17927777777778,7.0,149.0,2019-01-03 17:42:55
21280,30.089527777777768,123.19147222222225,0.7,32.0,2019-01-03 17:52:55
21280,30.09847222222221,123.18913888888888,2.5,348.0,2019-01-03 18:02:55
21280,30.10433333333333,123.1885277777778,2.4,339.0,2019-01-03 18:12:55
21280,30.11058333333333,123.18744444444444,2.2,337.0,2019-01-03 18:22:54
21280,30.11725,123.18622222222224,2.4,340.0,2019-01-03 18:32:57
21280,30.12327777777778,123.18611111111112,2.5,357.0,2019-01-03 18:42:56
21280,30.129777777777782,123.18633333333334,2.3,7.0,2019-01-03 18:52:56
21280,30.136277777777767,123.1862777777778,1.9,8.0,2019-01-03 19:02:56
21280,30.142861111111117,123.18616666666668,2.5,354.0,2019-01-03 19:12:56
21280,30.14941666666667,123.1862777777778,2.6,11.0,2019-01-03 19:22:56
21280,30.156166666666664,123.18633333333334,2.3,356.0,2019-01-03 19:32:56
21280,30.163,123.1865,2.4,5.0,2019-01-03 19:42:56
21280,30.169888888888888,123.18658333333336,2.5,7.0,2019-01-03 19:52:56
21280,30.17680555555556,123.18661111111112,2.4,5.0,2019-01-03 20:02:56
21280,30.183777777777767,123.18666666666668,2.2,3.0,2019-01-03 20:12:56
21280,30.19075,123.18666666666668,2.6,9.0,2019-01-03 20:22:56
21280,30.19775000000001,123.18658333333336,2.4,355.0,2019-01-03 20:32:56
21280,30.218777777777767,123.18675,2.3,2.0,2019-01-03 21:02:56
21280,30.225666666666665,123.18688888888887,2.4,4.0,2019-01-03 21:12:56
21280,30.232555555555557,123.187,2.5,357.0,2019-01-03 21:22:56
21280,30.239472222222236,123.18725,2.6,352.0,2019-01-03 21:32:55
21280,30.24616666666667,123.18730555555555,2.1,9.0,2019-01-03 21:42:55
21280,30.252722222222232,123.18752777777776,2.0,353.0,2019-01-03 21:52:55
21280,30.25905555555555,123.18763888888888,2.1,348.0,2019-01-03 22:02:55
21280,30.26533333333333,123.18772222222222,2.2,347.0,2019-01-03 22:12:55
21280,30.271472222222236,123.18791666666668,2.1,347.0,2019-01-03 22:22:55
21280,30.277444444444445,123.18805555555556,2.5,12.0,2019-01-03 22:32:55
21280,30.28327777777778,123.18825,2.1,14.0,2019-01-03 22:42:55
21280,30.289472222222223,123.18841666666668,2.2,11.0,2019-01-03 22:52:55
21280,30.294638888888887,123.18855555555557,2.0,350.0,2019-01-03 23:02:55
21280,30.299833333333336,123.18891666666669,1.8,19.0,2019-01-03 23:12:55
21280,30.297583333333336,123.19294444444444,0.5,81.0,2019-01-03 23:32:55
21280,30.297638888888887,123.1935277777778,0.3,0.0,2019-01-03 23:42:55
21280,30.297777777777767,123.1935277777778,0.7,285.0,2019-01-03 23:52:55
21280,30.28511111111111,123.19455555555555,3.3,262.0,2019-01-04 00:02:54
21280,30.284472222222234,123.18722222222225,1.8,220.0,2019-01-04 00:12:54
21280,30.27875,123.18611111111112,2.2,165.0,2019-01-04 00:22:56
21280,30.273277777777786,123.18741666666668,1.8,183.0,2019-01-04 00:32:56
21280,30.26819444444445,123.18869444444444,2.2,125.0,2019-01-04 00:42:56
21280,30.26297222222223,123.19008333333332,2.5,146.0,2019-01-04 00:52:56
21280,30.257361111111116,123.19141666666668,1.8,164.0,2019-01-04 01:02:56
21280,30.252388888888888,123.19275,1.8,175.0,2019-01-04 01:12:56
21280,30.246944444444445,123.19411111111113,1.9,158.0,2019-01-04 01:22:56
21280,30.24138888888889,123.19541666666666,1.9,142.0,2019-01-04 01:32:56
21280,30.235916666666668,123.19675,1.4,0.0,2019-01-04 01:42:56
21280,30.23027777777777,123.19797222222223,1.1,0.0,2019-01-04 01:52:56
21280,30.22444444444445,123.19922222222225,1.0,0.0,2019-01-04 02:02:56
21280,30.218805555555555,123.20025,1.7,170.0,2019-01-04 02:12:56
21280,30.21311111111111,123.2012777777778,1.7,154.0,2019-01-04 02:22:56
21280,30.20738888888889,123.20230555555555,1.5,169.0,2019-01-04 02:32:56
21280,30.20202777777777,123.2030277777778,1.3,0.0,2019-01-04 02:42:55
21280,30.195888888888888,123.20369444444444,2.5,184.0,2019-01-04 02:52:55
21280,30.19011111111111,123.20422222222224,1.3,0.0,2019-01-04 03:02:55
21280,30.184027777777768,123.20466666666668,2.7,193.0,2019-01-04 03:12:55
21280,30.178722222222238,123.20505555555556,2.0,196.0,2019-01-04 03:22:55
21280,30.173027777777783,123.20552777777776,1.7,170.0,2019-01-04 03:32:55
21280,30.161638888888888,123.20658333333334,2.2,194.0,2019-01-04 03:52:55
21280,30.156055555555557,123.20686111111112,2.2,194.0,2019-01-04 04:02:55
21280,30.1505,123.20688888888888,1.9,182.0,2019-01-04 04:12:55
21280,30.145055555555555,123.20566666666669,1.7,201.0,2019-01-04 04:22:55
21280,30.139888888888887,123.20316666666668,2.1,220.0,2019-01-04 04:32:55
21280,30.13511111111111,123.20005555555556,2.1,191.0,2019-01-04 04:42:55
21280,30.130166666666664,123.1977777777778,1.5,172.0,2019-01-04 04:52:55
21280,30.125166666666665,123.19725,2.0,184.0,2019-01-04 05:02:54
21280,30.120444444444445,123.19680555555556,1.6,178.0,2019-01-04 05:12:54
21280,30.11563888888889,123.1959722222222,2.0,222.0,2019-01-04 05:22:54
21280,30.119027777777767,123.19225,0.8,17.0,2019-01-04 05:32:54
21280,30.119222222222238,123.192,4.4,260.0,2019-01-04 05:42:54
21280,30.12072222222222,123.18813888888891,1.3,273.0,2019-01-04 05:52:54
21280,30.11205555555556,123.1895,7.3,166.0,2019-01-04 06:02:54
21280,30.09272222222221,123.1965,7.3,154.0,2019-01-04 06:12:56
21280,30.094555555555555,123.1995277777778,7.1,11.0,2019-01-04 06:22:56
21280,30.10241666666667,123.1987777777778,2.2,342.0,2019-01-04 06:32:56
21280,30.10830555555556,123.19708333333334,2.4,356.0,2019-01-04 06:42:56
21280,30.114027777777785,123.19622222222222,2.8,9.0,2019-01-04 06:52:56
21280,30.12019444444445,123.19561111111112,2.4,13.0,2019-01-04 07:02:56
21280,30.126444444444445,123.19463888888887,2.2,352.0,2019-01-04 07:12:56
21280,30.132305555555558,123.19358333333334,2.4,347.0,2019-01-04 07:22:56
21280,30.13875,123.19202777777778,1.9,350.0,2019-01-04 07:32:56
21280,30.13944444444445,123.19175,2.3,173.0,2019-01-04 07:42:56
21280,30.13819444444445,123.19116666666667,0.9,322.0,2019-01-04 07:52:55
21280,30.14161111111111,123.18833333333332,1.8,312.0,2019-01-04 08:02:56
21280,30.14913888888889,123.19169444444444,2.8,21.0,2019-01-04 08:12:55
21280,30.156055555555557,123.19241666666667,2.3,5.0,2019-01-04 08:22:55
21280,30.163,123.19155555555557,2.6,347.0,2019-01-04 08:32:55
21280,30.16980555555556,123.19052777777776,2.8,342.0,2019-01-04 08:42:55
21280,30.17655555555556,123.1894722222222,2.7,345.0,2019-01-04 08:52:55
21280,30.183250000000005,123.1887222222222,2.1,339.0,2019-01-04 09:02:55
21280,30.189888888888888,123.18797222222224,2.2,347.0,2019-01-04 09:12:55
21280,30.19672222222221,123.18805555555556,2.4,4.0,2019-01-04 09:22:55
21280,30.20344444444445,123.18847222222222,1.7,3.0,2019-01-04 09:32:55
21280,30.2105,123.18858333333333,2.3,5.0,2019-01-04 09:42:55
21280,30.216666666666665,123.18813888888891,2.4,358.0,2019-01-04 09:52:55
21280,30.2235,123.18747222222224,2.4,344.0,2019-01-04 10:02:55
21280,30.22966666666667,123.18713888888892,2.3,343.0,2019-01-04 10:12:55
21280,30.236,123.18669444444444,2.0,349.0,2019-01-04 10:22:55
21280,30.24233333333333,123.18658333333336,2.2,5.0,2019-01-04 10:32:54
21280,30.248583333333336,123.18683333333334,2.2,9.0,2019-01-04 10:42:54
21280,30.25466666666667,123.18733333333334,2.0,8.0,2019-01-04 10:52:54
21280,30.26130555555556,123.18858333333333,2.7,18.0,2019-01-04 11:02:54
21280,30.267277777777768,123.18886111111112,1.6,3.0,2019-01-04 11:12:54
21280,30.27288888888889,123.18861111111111,1.8,349.0,2019-01-04 11:22:54
21280,30.27847222222222,123.18811111111113,2.2,359.0,2019-01-04 11:32:54
21280,30.28383333333333,123.18813888888891,1.6,342.0,2019-01-04 11:42:54
21280,30.28894444444445,123.19236111111113,2.5,68.0,2019-01-04 11:52:56
21280,30.2885,123.1999722222222,2.1,101.0,2019-01-04 12:02:56
21280,30.28563888888889,123.20238888888888,3.8,231.0,2019-01-04 12:12:56
21280,30.28708333333333,123.19938888888888,0.1,0.0,2019-01-04 12:22:56
21280,30.28736111111111,123.199,0.5,298.0,2019-01-04 12:32:56
21280,30.29083333333333,123.21816666666666,8.5,77.0,2019-01-04 12:42:56
21280,30.293722222222208,123.23225,3.4,96.0,2019-01-04 12:52:55
21280,30.28725,123.23947222222222,1.8,148.0,2019-01-04 13:02:56
21280,30.27783333333333,123.24569444444444,2.0,148.0,2019-01-04 13:22:56
21280,30.272916666666664,123.24858333333331,1.7,175.0,2019-01-04 13:32:56
21280,30.26811111111111,123.25158333333331,1.8,142.0,2019-01-04 13:42:55
21280,30.26313888888889,123.2545,2.0,146.0,2019-01-04 13:52:55
21280,30.257638888888888,123.25705555555555,2.0,161.0,2019-01-04 14:02:55
21280,30.25263888888889,123.25863888888888,1.9,164.0,2019-01-04 14:12:55
21280,30.24725,123.26025,2.0,174.0,2019-01-04 14:22:55
21280,30.241777777777767,123.26191666666666,2.3,163.0,2019-01-04 14:32:55
21280,30.22513888888889,123.26547222222224,1.9,168.0,2019-01-04 15:02:55
21280,30.219666666666665,123.26558333333332,1.8,181.0,2019-01-04 15:12:55
21280,30.214222222222237,123.26536111111112,2.1,179.0,2019-01-04 15:22:55
21280,30.20880555555556,123.26505555555556,2.1,181.0,2019-01-04 15:32:55
21280,30.203416666666666,123.26494444444444,2.1,180.0,2019-01-04 15:42:55
21280,30.19794444444444,123.26472222222222,1.9,181.0,2019-01-04 15:52:55
21280,30.19258333333333,123.26422222222224,2.1,191.0,2019-01-04 16:02:54
21280,30.187027777777782,123.26355555555556,1.8,195.0,2019-01-04 16:12:54
21280,30.18205555555556,123.26263888888889,1.9,182.0,2019-01-04 16:22:54
21280,30.177055555555555,123.26172222222225,1.7,195.0,2019-01-04 16:32:54
21280,30.17222222222223,123.26052777777775,1.6,186.0,2019-01-04 16:42:54
21280,30.16755555555555,123.25886111111107,1.9,207.0,2019-01-04 16:52:54
21280,30.163027777777767,123.25697222222222,1.6,184.0,2019-01-04 17:02:54
21280,30.15858333333333,123.25608333333332,1.6,192.0,2019-01-04 17:12:54
21280,30.158305555555557,123.2535,2.4,336.0,2019-01-04 17:22:56
21280,30.16058333333333,123.25255555555556,1.9,301.0,2019-01-04 17:32:56
21280,30.16172222222221,123.25038888888888,0.7,286.0,2019-01-04 17:42:56
21280,30.16375,123.25138888888888,6.3,91.0,2019-01-04 17:52:56
21280,30.16108333333333,123.26575,4.5,312.0,2019-01-04 18:02:56
21280,30.169611111111116,123.26622222222224,1.9,5.0,2019-01-04 18:12:56
21280,30.175722222222237,123.26647222222222,2.2,353.0,2019-01-04 18:22:56
21280,30.181277777777765,123.26630555555556,2.2,348.0,2019-01-04 18:32:56
21280,30.187444444444445,123.26566666666666,2.1,5.0,2019-01-04 18:42:55
21280,30.19383333333333,123.26466666666668,2.1,355.0,2019-01-04 18:52:55
21280,30.200277777777767,123.26336111111112,2.4,350.0,2019-01-04 19:02:55
21280,30.206888888888887,123.26191666666666,2.2,351.0,2019-01-04 19:12:55
21280,30.213555555555555,123.26041666666666,2.2,354.0,2019-01-04 19:22:55
21280,30.220305555555555,123.26019444444444,2.7,17.0,2019-01-04 19:32:55
21280,30.22697222222222,123.2600277777778,2.3,6.0,2019-01-04 19:42:55
21280,30.23358333333333,123.26,2.6,345.0,2019-01-04 19:52:55
21280,30.240277777777766,123.25977777777778,2.3,8.0,2019-01-04 20:02:55
21280,30.246972222222237,123.25994444444444,2.5,4.0,2019-01-04 20:12:55
21280,30.25366666666667,123.26016666666668,2.4,3.0,2019-01-04 20:22:55
21280,30.26088888888889,123.25966666666666,2.3,354.0,2019-01-04 20:32:55
21280,30.267194444444453,123.25863888888888,2.6,341.0,2019-01-04 20:42:55
21280,30.27413888888889,123.25752777777775,2.3,11.0,2019-01-04 20:52:55
21280,30.28105555555556,123.25705555555555,2.4,346.0,2019-01-04 21:02:55
21280,30.287861111111116,123.25602777777776,2.4,355.0,2019-01-04 21:12:54
21280,30.294777777777767,123.25569444444444,2.3,356.0,2019-01-04 21:22:54
21280,30.30158333333333,123.25519444444444,2.4,351.0,2019-01-04 21:32:54
21280,30.308277777777786,123.25461111111112,2.1,8.0,2019-01-04 21:42:54
21280,30.31486111111111,123.2537222222222,2.1,352.0,2019-01-04 21:52:54
21280,30.32130555555556,123.25277777777778,2.4,333.0,2019-01-04 22:02:54
21280,30.327666666666666,123.25194444444443,2.2,17.0,2019-01-04 22:12:54
21280,30.333861111111112,123.25108333333333,2.0,353.0,2019-01-04 22:22:54
21280,30.340166666666665,123.25097222222222,2.3,10.0,2019-01-04 22:32:54
21280,30.346611111111116,123.25086111111106,2.3,0.0,2019-01-04 22:42:56
21280,30.352138888888888,123.25097222222222,2.0,5.0,2019-01-04 22:52:54
21280,30.35780555555556,123.2512777777778,1.8,350.0,2019-01-04 23:02:56
21280,30.363416666666662,123.25088888888894,1.8,351.0,2019-01-04 23:12:56
21280,30.36858333333333,123.25047222222224,1.8,342.0,2019-01-04 23:22:56
21280,30.371972222222237,123.2525,1.5,123.0,2019-01-04 23:32:56
21280,30.369194444444453,123.25502777777776,0.9,82.0,2019-01-04 23:42:56
21280,30.369861111111117,123.25877777777778,1.0,88.0,2019-01-04 23:52:56
21280,30.36502777777779,123.25538888888887,5.9,264.0,2019-01-05 00:02:55
21280,30.35983333333333,123.23702777777778,2.3,217.0,2019-01-05 00:12:55
21280,30.35305555555556,123.23955555555555,1.9,159.0,2019-01-05 00:22:55
21280,30.34825,123.24136111111108,1.8,172.0,2019-01-05 00:32:55
21280,30.34322222222222,123.24394444444444,2.0,148.0,2019-01-05 00:42:55
21280,30.33783333333333,123.24766666666667,1.9,156.0,2019-01-05 00:52:55
21280,30.33283333333333,123.25055555555556,2.1,172.0,2019-01-05 01:02:55
21280,30.327277777777766,123.25180555555556,2.4,166.0,2019-01-05 01:12:55
21280,30.31616666666667,123.25319444444445,1.5,178.0,2019-01-05 01:32:55
21280,30.310527777777786,123.25452777777778,2.4,175.0,2019-01-05 01:42:55
21280,30.298972222222236,123.25602777777776,1.9,171.0,2019-01-05 02:02:55
21280,30.29308333333333,123.2567222222222,1.5,161.0,2019-01-05 02:12:55
21280,30.28708333333333,123.25783333333334,1.5,172.0,2019-01-05 02:22:55
21280,30.28086111111111,123.25838888888892,2.3,176.0,2019-01-05 02:32:55
21280,30.274555555555555,123.25833333333334,2.1,183.0,2019-01-05 02:42:54
21280,30.26819444444445,123.25825,1.8,177.0,2019-01-05 02:52:54
21280,30.261555555555557,123.25880555555555,3.0,174.0,2019-01-05 03:02:54
21280,30.25558333333333,123.25983333333332,1.9,155.0,2019-01-05 03:12:54
21280,30.249111111111112,123.26102777777778,2.0,167.0,2019-01-05 03:22:54
21280,30.24280555555556,123.26183333333334,3.0,188.0,2019-01-05 03:32:54
21280,30.23630555555556,123.26183333333334,2.5,155.0,2019-01-05 03:42:54
21280,30.23019444444445,123.25994444444444,0.9,209.0,2019-01-05 03:52:54
21280,30.224055555555548,123.25688888888888,3.2,188.0,2019-01-05 04:02:54
21280,30.21811111111111,123.25619444444445,2.1,185.0,2019-01-05 04:12:54
21280,30.211972222222236,123.25619444444445,2.1,201.0,2019-01-05 04:22:54
21280,30.20569444444445,123.25558333333332,2.7,193.0,2019-01-05 04:32:54
21280,30.19958333333333,123.25483333333334,1.9,177.0,2019-01-05 04:42:56
21280,30.193583333333336,123.25480555555556,2.8,198.0,2019-01-05 04:52:56
21280,30.187722222222234,123.25380555555556,2.2,204.0,2019-01-05 05:02:56
21280,30.181555555555555,123.25366666666667,2.1,192.0,2019-01-05 05:12:56
21280,30.176277777777766,123.25380555555556,2.1,177.0,2019-01-05 05:22:56
21280,30.170777777777783,123.25397222222225,2.6,165.0,2019-01-05 05:32:56
21280,30.16533333333333,123.25411111111111,2.1,176.0,2019-01-05 05:42:55
21280,30.160138888888888,123.25433333333334,1.9,202.0,2019-01-05 05:52:55
21280,30.155,123.25430555555556,2.0,177.0,2019-01-05 06:02:55
21280,30.15,123.25425,1.9,179.0,2019-01-05 06:12:55
21280,30.145194444444453,123.25452777777778,1.5,173.0,2019-01-05 06:22:55
21280,30.14608333333333,123.25363888888889,1.9,333.0,2019-01-05 06:32:55
21280,30.14669444444444,123.25230555555557,1.4,186.0,2019-01-05 06:42:55
21280,30.14483333333333,123.24988888888888,0.4,0.0,2019-01-05 06:52:55
21280,30.14333333333333,123.24825,5.4,132.0,2019-01-05 07:02:55
21280,30.14680555555555,123.26266666666668,6.9,61.0,2019-01-05 07:12:55
21280,30.150416666666665,123.2625,5.2,341.0,2019-01-05 07:22:55
21280,30.157,123.26047222222222,2.8,344.0,2019-01-05 07:32:55
21280,30.16177777777777,123.25966666666666,1.4,0.0,2019-01-05 07:42:54
21280,30.1665,123.25986111111106,2.4,33.0,2019-01-05 07:52:54
21280,30.17166666666667,123.25627777777778,2.0,333.0,2019-01-05 08:02:54
21280,30.17588888888889,123.25222222222222,2.6,41.0,2019-01-05 08:12:54
21280,30.18130555555556,123.25097222222222,1.8,339.0,2019-01-05 08:22:54
21280,30.186722222222237,123.25008333333334,2.4,331.0,2019-01-05 08:32:54
21280,30.19216666666667,123.24905555555556,1.8,9.0,2019-01-05 08:42:54
21280,30.19777777777777,123.2480277777778,1.9,344.0,2019-01-05 08:52:54
21280,30.203277777777767,123.24666666666668,2.5,4.0,2019-01-05 09:02:54
21280,30.20877777777777,123.24561111111112,2.5,348.0,2019-01-05 09:12:54
21280,30.21447222222222,123.2445277777778,2.2,310.0,2019-01-05 09:22:54
21280,30.22072222222221,123.24333333333334,2.0,337.0,2019-01-05 09:32:54
21280,30.22647222222221,123.24216666666666,2.3,343.0,2019-01-05 09:42:54
21280,30.232555555555557,123.2409722222222,2.2,351.0,2019-01-05 09:52:54
21280,30.23836111111111,123.23966666666666,2.5,339.0,2019-01-05 10:02:54
21280,30.244027777777767,123.23858333333332,2.6,352.0,2019-01-05 10:12:54
21280,30.24944444444445,123.23713888888894,2.3,332.0,2019-01-05 10:22:56
21280,30.25480555555556,123.23597222222222,1.8,346.0,2019-01-05 10:32:56
21280,30.260222222222232,123.23475,2.5,15.0,2019-01-05 10:42:56
21280,30.26541666666667,123.23372222222224,2.1,334.0,2019-01-05 10:52:56
21280,30.270194444444453,123.23194444444444,1.3,355.0,2019-01-05 11:02:55
21280,30.27472222222222,123.2294722222222,1.5,354.0,2019-01-05 11:12:55
21280,30.2795,123.22788888888888,1.9,0.0,2019-01-05 11:22:55
21280,30.28469444444445,123.22830555555556,2.5,54.0,2019-01-05 11:32:55
21280,30.289777777777783,123.22908333333334,2.3,25.0,2019-01-05 11:42:55
21280,30.294083333333337,123.22916666666669,1.6,41.0,2019-01-05 11:52:55
21280,30.297611111111117,123.23383333333334,2.3,45.0,2019-01-05 12:02:55
21280,30.297888888888888,123.23958333333331,0.7,201.0,2019-01-05 12:12:55
21280,30.294694444444453,123.23658333333334,0.5,36.0,2019-01-05 12:22:55
21280,30.292972222222232,123.23658333333334,1.2,42.0,2019-01-05 12:32:55
21280,30.294777777777767,123.2355,5.6,342.0,2019-01-05 12:42:55
21280,30.30875,123.22272222222222,7.0,320.0,2019-01-05 12:52:55
21280,30.30480555555556,123.21902777777775,3.3,184.0,2019-01-05 13:02:55
21280,30.29977777777778,123.21811111111111,2.0,182.0,2019-01-05 13:12:55
21280,30.294722222222237,123.21716666666669,1.6,182.0,2019-01-05 13:22:54
21280,30.28911111111111,123.21794444444444,2.0,170.0,2019-01-05 13:32:54
21280,30.283472222222237,123.21963888888894,2.4,196.0,2019-01-05 13:42:54
21280,30.277555555555555,123.22155555555555,2.6,166.0,2019-01-05 13:52:54
21280,30.27219444444445,123.22308333333334,1.9,140.0,2019-01-05 14:02:54
21280,30.266416666666668,123.22452777777778,2.6,208.0,2019-01-05 14:12:54
21280,30.26044444444444,123.22486111111112,2.7,166.0,2019-01-05 14:22:54
21280,30.25438888888889,123.22425,2.7,200.0,2019-01-05 14:32:54
21280,30.24833333333333,123.22313888888893,2.1,209.0,2019-01-05 14:42:54
21280,30.24216666666667,123.22222222222224,1.8,184.0,2019-01-05 14:52:54
21280,30.235888888888887,123.22147222222225,2.3,201.0,2019-01-05 15:02:54
21280,30.229555555555557,123.22058333333334,2.4,195.0,2019-01-05 15:12:54
21280,30.22319444444444,123.21963888888894,2.6,195.0,2019-01-05 15:22:54
21280,30.21697222222221,123.2185,2.4,192.0,2019-01-05 15:32:54
21280,30.21083333333333,123.21711111111112,2.0,185.0,2019-01-05 15:42:54
21280,30.20458333333333,123.21558333333331,2.4,190.0,2019-01-05 15:52:53
21280,30.19775000000001,123.21477777777778,1.9,198.0,2019-01-05 16:02:56
21280,30.191861111111116,123.21433333333334,2.3,217.0,2019-01-05 16:12:55
21280,30.18561111111111,123.21380555555557,2.5,179.0,2019-01-05 16:22:56
21280,30.179361111111117,123.21288888888888,2.7,207.0,2019-01-05 16:32:55
21280,30.173388888888887,123.2115,2.3,215.0,2019-01-05 16:42:55
21280,30.16755555555555,123.20958333333331,2.7,202.0,2019-01-05 16:52:55
21280,30.16169444444445,123.20891666666668,1.9,0.0,2019-01-05 17:02:55
21280,30.15211111111111,123.19855555555556,4.2,223.0,2019-01-05 17:22:55
21280,30.147972222222236,123.19391666666668,2.5,217.0,2019-01-05 17:32:55
21280,30.14416666666667,123.18883333333332,3.9,210.0,2019-01-05 17:42:55
21280,30.141333333333336,123.18313888888888,4.5,219.0,2019-01-05 17:52:55
21280,30.13930555555555,123.177,4.2,209.0,2019-01-05 18:02:55
21280,30.13786111111111,123.17030555555556,2.2,270.0,2019-01-05 18:12:55
21280,30.13636111111111,123.16541666666669,1.3,22.0,2019-01-05 18:22:54
21280,30.137027777777767,123.16758333333334,1.4,350.0,2019-01-05 18:32:54
21280,30.13580555555556,123.164,2.3,234.0,2019-01-05 18:42:54
21280,30.13300000000001,123.16383333333334,5.5,96.0,2019-01-05 18:52:54
21280,30.125611111111112,123.17861111111112,5.1,102.0,2019-01-05 19:02:54
21280,30.124222222222237,123.177,4.2,5.0,2019-01-05 19:12:54
21280,30.132,123.17691666666668,2.1,352.0,2019-01-05 19:22:54
21280,30.13733333333333,123.1758888888889,1.9,14.0,2019-01-05 19:32:54
21280,30.142777777777766,123.17469444444444,2.6,346.0,2019-01-05 19:42:54
21280,30.14847222222221,123.17366666666668,1.9,25.0,2019-01-05 19:52:54
21280,30.15425,123.1725,2.7,344.0,2019-01-05 20:02:54
21280,30.16008333333333,123.17147222222223,1.7,346.0,2019-01-05 20:12:54
21280,30.16633333333333,123.17036111111112,2.2,326.0,2019-01-05 20:22:54
21280,30.171777777777766,123.17019444444443,1.9,36.0,2019-01-05 20:32:54
21280,30.177750000000003,123.16980555555556,1.7,5.0,2019-01-05 20:42:54
21280,30.183777777777767,123.16944444444444,2.6,334.0,2019-01-05 20:52:54
21280,30.18986111111111,123.16894444444443,2.2,352.0,2019-01-05 21:02:54
21280,30.196,123.16858333333332,2.4,12.0,2019-01-05 21:12:54
21280,30.202222222222236,123.16841666666669,2.2,341.0,2019-01-05 21:22:54
21280,30.208388888888887,123.16805555555555,2.7,331.0,2019-01-05 21:32:53
21280,30.21447222222222,123.16766666666668,1.5,348.0,2019-01-05 21:42:55
21280,30.220472222222234,123.16730555555556,2.2,6.0,2019-01-05 21:52:55
21280,30.22636111111111,123.16708333333334,2.1,7.0,2019-01-05 22:02:55
21280,30.23230555555555,123.16672222222223,2.3,349.0,2019-01-05 22:12:55
21280,30.23802777777778,123.16652777777776,2.8,324.0,2019-01-05 22:22:55
21280,30.244222222222238,123.16608333333332,2.0,18.0,2019-01-05 22:32:55
21280,30.24963888888889,123.16583333333334,2.2,10.0,2019-01-05 22:42:55
21280,30.25525,123.16569444444444,2.5,350.0,2019-01-05 22:52:55
21280,30.26091666666667,123.16552777777778,2.4,332.0,2019-01-05 23:02:55
21280,30.266416666666668,123.16555555555556,2.0,8.0,2019-01-05 23:12:55
21280,30.27194444444445,123.16563888888888,2.4,5.0,2019-01-05 23:22:55
21280,30.277166666666663,123.16572222222224,2.5,325.0,2019-01-05 23:32:55
21280,30.282416666666663,123.16591666666667,2.2,36.0,2019-01-05 23:42:55
21280,30.28755555555556,123.16619444444444,1.9,12.0,2019-01-05 23:52:55
21280,30.29272222222223,123.16677777777778,1.7,335.0,2019-01-06 00:02:54
21280,30.297694444444453,123.16805555555555,1.7,49.0,2019-01-06 00:12:54
21280,30.298416666666668,123.17241666666668,4.3,181.0,2019-01-06 00:22:54
21280,30.294722222222237,123.17133333333334,1.0,144.0,2019-01-06 00:32:54
21280,30.29291666666667,123.172,0.7,150.0,2019-01-06 00:42:54
21280,30.29663888888889,123.16975,5.7,303.0,2019-01-06 00:52:54
21280,30.29519444444445,123.16825,5.8,205.0,2019-01-06 01:02:54
21280,30.287722222222232,123.16913888888888,3.0,140.0,2019-01-06 01:12:54
21280,30.283,123.17380555555556,4.3,144.0,2019-01-06 01:22:54
21280,30.278861111111112,123.17819444444444,1.7,120.0,2019-01-06 01:32:54
21280,30.274277777777765,123.1825277777778,4.1,121.0,2019-01-06 01:42:54
21280,30.26925,123.18580555555556,2.5,135.0,2019-01-06 01:52:54
21280,30.26380555555556,123.1894722222222,2.4,119.0,2019-01-06 02:02:54
21280,30.258722222222207,123.19252777777778,2.4,176.0,2019-01-06 02:12:54
21280,30.25319444444445,123.19552777777776,2.3,165.0,2019-01-06 02:22:54
21280,30.247277777777786,123.19766666666668,2.8,190.0,2019-01-06 02:32:54
21280,30.241138888888887,123.1995277777778,2.3,160.0,2019-01-06 02:42:54
21280,30.234444444444453,123.20116666666668,2.4,164.0,2019-01-06 02:52:54
21280,30.228388888888887,123.20233333333331,2.7,168.0,2019-01-06 03:02:53
21280,30.22186111111111,123.20288888888888,2.5,159.0,2019-01-06 03:12:53
21280,30.215222222222238,123.2032777777778,2.4,182.0,2019-01-06 03:22:56
21280,30.20847222222222,123.20388888888893,2.7,163.0,2019-01-06 03:32:55
21280,30.20183333333333,123.20441666666666,2.4,165.0,2019-01-06 03:42:55
21280,30.195138888888888,123.20469444444444,2.5,202.0,2019-01-06 03:52:55
21280,30.1885,123.20480555555557,3.2,199.0,2019-01-06 04:02:55
21280,30.182,123.205,2.2,184.0,2019-01-06 04:12:55
21280,30.17541666666667,123.20563888888891,2.4,188.0,2019-01-06 04:22:55
21280,30.168861111111116,123.20633333333332,2.8,170.0,2019-01-06 04:32:55
21280,30.15597222222221,123.20716666666668,3.0,186.0,2019-01-06 04:52:55
21280,30.149472222222236,123.20763888888888,2.6,188.0,2019-01-06 05:02:55
21280,30.14383333333333,123.20816666666668,2.7,194.0,2019-01-06 05:12:55
21280,30.138,123.20855555555556,3.9,206.0,2019-01-06 05:22:55
21280,30.132305555555558,123.2087222222222,2.0,179.0,2019-01-06 05:32:55
21280,30.126722222222234,123.20891666666668,1.7,175.0,2019-01-06 05:42:55
21280,30.12113888888889,123.20894444444444,2.0,162.0,2019-01-06 05:52:54
21280,30.11047222222223,123.20861111111113,2.1,187.0,2019-01-06 06:12:54
21280,30.10541666666667,123.20836111111112,1.9,184.0,2019-01-06 06:22:54
21280,30.100388888888887,123.20786111111111,1.1,200.0,2019-01-06 06:32:54
21280,30.10250000000001,123.20572222222224,1.1,0.0,2019-01-06 06:42:54
21280,30.098277777777767,123.19902777777776,2.5,260.0,2019-01-06 07:02:54
21280,30.10550000000001,123.19622222222222,1.0,90.0,2019-01-06 07:12:54
21280,30.11141666666667,123.19338888888892,2.6,341.0,2019-01-06 07:22:54
21280,30.114722222222237,123.19322222222225,2.8,294.0,2019-01-06 07:32:54
21280,30.116888888888887,123.18775,2.9,267.0,2019-01-06 07:42:54
21280,30.11483333333333,123.19013888888888,3.4,163.0,2019-01-06 07:52:54
21280,30.1135,123.18938888888889,1.5,204.0,2019-01-06 08:02:54
21280,30.11869444444445,123.18533333333336,3.4,341.0,2019-01-06 08:12:54
21280,30.1245,123.18488888888888,2.2,7.0,2019-01-06 08:22:54
21280,30.12983333333333,123.18530555555556,1.9,17.0,2019-01-06 08:32:53
21280,30.13513888888889,123.18555555555557,2.4,337.0,2019-01-06 08:42:53
21280,30.140638888888887,123.18591666666669,1.9,354.0,2019-01-06 08:52:53
21280,30.14630555555556,123.18597222222222,2.0,21.0,2019-01-06 09:02:55
21280,30.15222222222221,123.18619444444444,2.4,345.0,2019-01-06 09:12:55
21280,30.15822222222221,123.18647222222224,2.4,356.0,2019-01-06 09:22:55
21280,30.16383333333333,123.18638888888891,3.0,341.0,2019-01-06 09:32:55
21280,30.16980555555556,123.1865,2.4,17.0,2019-01-06 09:42:55
21280,30.175722222222237,123.1865,2.7,32.0,2019-01-06 09:52:55
21280,30.18202777777779,123.18666666666668,2.5,347.0,2019-01-06 10:02:55
21280,30.18786111111111,123.18663888888894,2.0,27.0,2019-01-06 10:12:55
21280,30.19408333333333,123.18666666666668,2.4,341.0,2019-01-06 10:22:55
21280,30.200222222222237,123.1867777777778,2.1,349.0,2019-01-06 10:32:55
21280,30.20622222222222,123.1867777777778,2.7,352.0,2019-01-06 10:42:55
21280,30.212194444444453,123.18680555555557,1.7,0.0,2019-01-06 10:52:55
21280,30.21811111111111,123.18622222222224,1.9,316.0,2019-01-06 11:02:55
21280,30.223111111111116,123.18094444444444,2.9,280.0,2019-01-06 11:12:55
21280,30.228027777777783,123.17838888888892,1.9,327.0,2019-01-06 11:22:55
21280,30.234277777777766,123.17769444444444,2.5,26.0,2019-01-06 11:32:54
21280,30.239722222222237,123.17741666666667,2.0,17.0,2019-01-06 11:42:54
21280,30.24533333333333,123.17719444444444,2.0,39.0,2019-01-06 11:52:54
21280,30.250777777777767,123.1775,2.7,338.0,2019-01-06 12:02:54
21280,30.25625,123.17838888888892,2.0,21.0,2019-01-06 12:12:54
21280,30.26144444444445,123.1797777777778,2.1,19.0,2019-01-06 12:22:54
21280,30.26655555555556,123.1815,2.4,43.0,2019-01-06 12:32:54
21280,30.27094444444444,123.18488888888888,2.7,74.0,2019-01-06 12:42:54
21280,30.27352777777779,123.19044444444444,1.8,55.0,2019-01-06 12:52:54
21280,30.269,123.1894722222222,0.6,258.0,2019-01-06 13:02:54
21280,30.267972222222237,123.19041666666666,1.9,155.0,2019-01-06 13:12:54
21280,30.26744444444445,123.18983333333334,6.4,2.0,2019-01-06 13:22:54
21280,30.28477777777778,123.18638888888891,4.2,352.0,2019-01-06 13:32:54
21280,30.278916666666664,123.1837777777778,1.4,183.0,2019-01-06 13:42:54
21280,30.27419444444445,123.18316666666666,1.9,182.0,2019-01-06 13:52:54
21280,30.268555555555555,123.18366666666668,1.8,177.0,2019-01-06 14:02:54
21280,30.26327777777778,123.18422222222225,1.9,171.0,2019-01-06 14:12:53
21280,30.251916666666663,123.1855277777778,2.9,143.0,2019-01-06 14:32:53
21280,30.24602777777778,123.18613888888888,2.4,155.0,2019-01-06 14:42:53
21280,30.24002777777779,123.18686111111111,2.1,212.0,2019-01-06 14:52:53
21280,30.234,123.18705555555556,2.5,153.0,2019-01-06 15:02:55
21280,30.227888888888888,123.18694444444444,2.9,168.0,2019-01-06 15:12:55
21280,30.22169444444444,123.18672222222224,2.5,147.0,2019-01-06 15:22:55
21280,30.21519444444445,123.18655555555556,2.7,161.0,2019-01-06 15:32:55
21280,30.20936111111111,123.18647222222224,2.3,170.0,2019-01-06 15:42:55
21280,30.20283333333333,123.18647222222224,2.2,171.0,2019-01-06 15:52:55
21280,30.19708333333333,123.18644444444443,2.2,173.0,2019-01-06 16:02:55
21280,30.19088888888889,123.18633333333334,2.5,162.0,2019-01-06 16:12:55
21280,30.18486111111111,123.18608333333331,2.1,187.0,2019-01-06 16:22:55
21280,30.178777777777785,123.18583333333332,2.8,208.0,2019-01-06 16:32:55
21280,30.172666666666665,123.1857222222222,2.6,202.0,2019-01-06 16:42:55
21280,30.16611111111111,123.1855,2.2,196.0,2019-01-06 16:52:55
21280,30.15419444444445,123.18541666666668,2.1,174.0,2019-01-06 17:12:54
21280,30.14855555555556,123.18541666666668,2.4,180.0,2019-01-06 17:22:54
21280,30.142972222222237,123.1855277777778,2.1,184.0,2019-01-06 17:32:54
21280,30.137638888888887,123.18569444444444,2.0,192.0,2019-01-06 17:42:54
21280,30.132305555555558,123.18580555555556,2.0,193.0,2019-01-06 17:52:54
21280,30.127194444444445,123.18575,2.2,193.0,2019-01-06 18:02:54
21280,30.122694444444445,123.18530555555556,1.5,190.0,2019-01-06 18:12:54
21280,30.118,123.18472222222222,1.4,216.0,2019-01-06 18:22:54
21280,30.113277777777785,123.18394444444444,1.3,192.0,2019-01-06 18:32:54
21280,30.11108333333333,123.1827777777778,2.1,6.0,2019-01-06 18:42:54
21280,30.11352777777779,123.18163888888888,0.8,0.0,2019-01-06 18:52:54
21280,30.112111111111112,123.17894444444444,2.3,215.0,2019-01-06 19:02:54
21280,30.113972222222237,123.17580555555556,5.5,253.0,2019-01-06 19:12:54
21280,30.10702777777777,123.1725,7.1,217.0,2019-01-06 19:22:54
21280,30.09911111111111,123.15652777777778,4.6,250.0,2019-01-06 19:32:54
21280,30.10666666666667,123.15263888888887,2.3,22.0,2019-01-06 19:42:54
21280,30.112305555555555,123.15136111111111,2.0,342.0,2019-01-06 19:52:53
21280,30.11808333333333,123.14961111111111,2.3,342.0,2019-01-06 20:02:53
21280,30.124305555555555,123.1485277777778,2.4,348.0,2019-01-06 20:12:53
21280,30.12988888888889,123.14669444444444,1.9,350.0,2019-01-06 20:22:53
21280,30.13588888888889,123.14491666666667,2.5,323.0,2019-01-06 20:32:53
21280,30.141861111111112,123.143,2.1,337.0,2019-01-06 20:42:55
21280,30.148055555555555,123.14102777777778,2.3,342.0,2019-01-06 20:52:55
21280,30.15425,123.13905555555556,2.2,333.0,2019-01-06 21:02:55
21280,30.1605,123.13736111111112,2.6,343.0,2019-01-06 21:12:55
21280,30.16683333333333,123.13591666666667,3.0,302.0,2019-01-06 21:22:55
21280,30.173222222222236,123.13438888888888,2.7,328.0,2019-01-06 21:32:55
21280,30.17963888888889,123.1327777777778,3.2,317.0,2019-01-06 21:42:55
21280,30.18580555555556,123.13136111111106,3.1,4.0,2019-01-06 21:52:55
21280,30.192611111111116,123.12975,2.8,348.0,2019-01-06 22:02:55
21280,30.198694444444445,123.12816666666666,2.8,332.0,2019-01-06 22:12:54
21280,30.205361111111117,123.12694444444443,2.3,344.0,2019-01-06 22:22:54
21280,30.21125,123.12611111111109,2.2,349.0,2019-01-06 22:32:54
21280,30.21744444444445,123.12522222222222,2.7,337.0,2019-01-06 22:42:54
21280,30.22383333333333,123.12441666666663,3.0,318.0,2019-01-06 22:52:54
21280,30.229888888888887,123.12352777777777,2.5,334.0,2019-01-06 23:02:54
21280,30.235916666666668,123.12261111111108,2.5,329.0,2019-01-06 23:12:54
21280,30.24183333333333,123.12175,1.6,345.0,2019-01-06 23:22:54
21280,30.24752777777778,123.1209722222222,2.4,345.0,2019-01-06 23:32:54
21280,30.25325,123.12027777777776,2.0,349.0,2019-01-06 23:42:54
21280,30.258861111111116,123.11966666666666,1.6,322.0,2019-01-06 23:52:54
21280,30.26444444444445,123.11905555555556,1.9,356.0,2019-01-07 00:02:54
21280,30.27,123.11855555555556,2.2,339.0,2019-01-07 00:12:54
21280,30.275416666666665,123.118,2.0,341.0,2019-01-07 00:22:54
21280,30.28580555555556,123.11730555555556,1.8,342.0,2019-01-07 00:42:54
21280,30.29083333333333,123.11688888888888,1.9,342.0,2019-01-07 00:52:54
21280,30.29580555555556,123.11638888888888,2.0,9.0,2019-01-07 01:02:54
21280,30.29869444444445,123.12366666666668,2.4,61.0,2019-01-07 01:12:54
21280,30.295444444444453,123.12186111111107,1.5,334.0,2019-01-07 01:22:53
21280,30.29505555555556,123.12283333333332,0.7,128.0,2019-01-07 01:32:53
21280,30.29455555555556,123.12225,4.8,219.0,2019-01-07 01:42:53
21280,30.27691666666667,123.11269444444444,7.5,179.0,2019-01-07 01:52:53
21280,30.261111111111116,123.11283333333331,1.3,0.0,2019-01-07 02:02:53
21280,30.249388888888888,123.11025,2.4,211.0,2019-01-07 02:22:53
21280,30.244194444444453,123.11175,1.6,0.0,2019-01-07 02:32:55
21280,30.233694444444453,123.11358333333332,1.6,163.0,2019-01-07 02:52:55
21280,30.22825,123.11455555555555,1.8,177.0,2019-01-07 03:02:55
21280,30.206,123.12194444444444,2.1,155.0,2019-01-07 03:42:55
21280,30.200555555555557,123.12430555555557,2.0,134.0,2019-01-07 03:52:55
21280,30.19466666666667,123.12633333333332,2.3,128.0,2019-01-07 04:02:54
21280,30.18936111111111,123.1287222222222,2.4,105.0,2019-01-07 04:12:54
21280,30.183777777777767,123.13138888888888,2.3,179.0,2019-01-07 04:22:54
21280,30.178166666666662,123.1337777777778,2.1,157.0,2019-01-07 04:32:54
21280,30.17233333333333,123.136,2.5,175.0,2019-01-07 04:42:54
21280,30.16622222222221,123.13811111111112,2.9,190.0,2019-01-07 04:52:54
21280,30.160916666666665,123.13994444444444,2.6,181.0,2019-01-07 05:02:54
21280,30.155305555555557,123.14172222222224,2.6,178.0,2019-01-07 05:12:54
21280,30.1495,123.14236111111111,2.2,193.0,2019-01-07 05:22:54
21280,30.14372222222222,123.1424722222222,2.1,194.0,2019-01-07 05:32:54
21280,30.13813888888889,123.14258333333336,2.1,179.0,2019-01-07 05:42:54
21280,30.13280555555556,123.14305555555556,1.8,167.0,2019-01-07 05:52:54
21280,30.12761111111111,123.1437777777778,2.3,183.0,2019-01-07 06:02:54
21280,30.122555555555557,123.14461111111112,1.6,184.0,2019-01-07 06:12:54
21280,30.117666666666665,123.145,2.2,185.0,2019-01-07 06:22:54
21280,30.11277777777779,123.14483333333334,2.1,199.0,2019-01-07 06:32:54
21280,30.10783333333333,123.14433333333336,1.7,176.0,2019-01-07 06:42:53
21280,30.103222222222207,123.14347222222224,1.8,192.0,2019-01-07 06:52:53
21280,30.10025000000001,123.14141666666669,2.1,340.0,2019-01-07 07:02:53
21280,30.102777777777767,123.13966666666668,0.8,249.0,2019-01-07 07:12:53
21280,30.101972222222223,123.13547222222223,1.3,266.0,2019-01-07 07:22:53
21280,30.097638888888888,123.13891666666667,6.0,126.0,2019-01-07 07:32:53
21280,30.09469444444445,123.14294444444444,3.6,304.0,2019-01-07 07:42:53
21280,30.103361111111116,123.14075,2.3,331.0,2019-01-07 07:52:53
21280,30.10886111111111,123.13966666666668,2.0,353.0,2019-01-07 08:02:53
21280,30.1145,123.1385,2.4,344.0,2019-01-07 08:12:53
21280,30.120222222222232,123.13705555555556,2.0,349.0,2019-01-07 08:22:55
21280,30.126027777777782,123.13583333333334,1.6,348.0,2019-01-07 08:32:55
21280,30.13797222222223,123.13319444444444,1.8,354.0,2019-01-07 08:52:54
21280,30.14402777777777,123.13191666666664,1.6,338.0,2019-01-07 09:02:54
21280,30.15075,123.13066666666666,2.2,351.0,2019-01-07 09:12:54
21280,30.156666666666663,123.12952777777777,1.8,356.0,2019-01-07 09:22:54
21280,30.163027777777767,123.12836111111106,2.1,353.0,2019-01-07 09:32:54
21280,30.1695,123.12708333333332,2.0,344.0,2019-01-07 09:42:54
21280,30.17602777777779,123.12566666666666,2.3,352.0,2019-01-07 09:52:54
21280,30.18933333333333,123.12297222222222,2.6,340.0,2019-01-07 10:12:54
21280,30.19550000000001,123.12172222222222,2.5,355.0,2019-01-07 10:22:54
21280,30.20213888888889,123.12066666666666,2.1,356.0,2019-01-07 10:32:54
21280,30.20844444444444,123.11894444444444,2.1,3.0,2019-01-07 10:42:54
21280,30.21488888888889,123.11791666666666,2.7,339.0,2019-01-07 10:52:54
21280,30.22144444444445,123.11688888888888,2.7,347.0,2019-01-07 11:02:54
21280,30.228,123.11580555555555,2.1,356.0,2019-01-07 11:12:54
21280,30.234861111111112,123.11494444444445,2.4,351.0,2019-01-07 11:22:54
21280,30.24083333333333,123.11436111111112,1.9,357.0,2019-01-07 11:32:54
21280,30.24716666666667,123.11394444444444,2.0,356.0,2019-01-07 11:42:54
21280,30.253472222222207,123.11405555555557,2.3,3.0,2019-01-07 11:52:54
21280,30.259611111111116,123.1145,2.3,2.0,2019-01-07 12:02:54
21280,30.265611111111117,123.11491666666666,2.1,347.0,2019-01-07 12:12:53
21280,30.27138888888889,123.11519444444444,2.6,355.0,2019-01-07 12:22:53
21280,30.27711111111111,123.11522222222222,2.2,13.0,2019-01-07 12:32:53
21280,30.28263888888889,123.11558333333332,2.3,354.0,2019-01-07 12:42:53
21280,30.28816666666667,123.116,2.4,350.0,2019-01-07 12:52:53
21280,30.29347222222223,123.11622222222222,1.9,8.0,2019-01-07 13:02:53
21280,30.29855555555556,123.11627777777778,1.5,5.0,2019-01-07 13:12:53
21280,30.3035,123.11633333333332,1.8,7.0,2019-01-07 13:22:53
21280,30.308166666666665,123.12013888888887,2.5,65.0,2019-01-07 13:32:53
21280,30.30838888888889,123.12538888888888,4.1,155.0,2019-01-07 13:42:53
21280,30.30552777777779,123.12330555555556,0.4,93.0,2019-01-07 13:52:53
21280,30.305055555555555,123.12422222222222,1.3,87.0,2019-01-07 14:02:53
21280,30.297611111111117,123.12236111111108,7.4,241.0,2019-01-07 14:12:55
21280,30.278861111111112,123.11794444444445,8.1,187.0,2019-01-07 14:22:55
21280,30.271,123.11161111111107,1.5,234.0,2019-01-07 14:32:54
21280,30.26558333333333,123.11175,1.7,169.0,2019-01-07 14:42:54
21280,30.2605,123.11272222222222,2.7,174.0,2019-01-07 14:52:55
21280,30.255111111111116,123.1135277777778,1.6,161.0,2019-01-07 15:02:54
21280,30.2495,123.11430555555556,2.0,167.0,2019-01-07 15:12:54
21280,30.243972222222236,123.11502777777775,1.6,173.0,2019-01-07 15:22:54
21280,30.23833333333333,123.11580555555555,2.1,167.0,2019-01-07 15:32:54
21280,30.232277777777767,123.11666666666666,1.9,172.0,2019-01-07 15:42:54
21280,30.226861111111116,123.11738888888888,2.2,168.0,2019-01-07 15:52:54
21280,30.22111111111111,123.11833333333333,2.0,178.0,2019-01-07 16:02:54
21280,30.21536111111111,123.11922222222222,2.0,166.0,2019-01-07 16:12:54
21280,30.20969444444445,123.12013888888887,2.0,175.0,2019-01-07 16:22:54
21280,30.204027777777767,123.1209722222222,2.1,159.0,2019-01-07 16:32:54
21280,30.197916666666664,123.12005555555557,3.1,196.0,2019-01-07 16:42:54
21280,30.19177777777777,123.1205,2.2,145.0,2019-01-07 16:52:54
21280,30.186277777777768,123.12291666666664,1.9,146.0,2019-01-07 17:02:54
21280,30.18138888888889,123.12627777777776,2.1,165.0,2019-01-07 17:12:53
21280,30.176361111111117,123.12883333333332,2.1,178.0,2019-01-07 17:22:53
21280,30.17072222222221,123.12913888888887,2.3,203.0,2019-01-07 17:32:53
21280,30.16594444444444,123.12436111111109,1.8,219.0,2019-01-07 17:42:53
21280,30.167777777777783,123.12597222222222,0.7,317.0,2019-01-07 17:52:53
21280,30.16597222222222,123.12469444444444,0.8,203.0,2019-01-07 18:02:53
21280,30.166138888888888,123.13325,8.2,82.0,2019-01-07 18:12:53
21280,30.17430555555556,123.15219444444443,7.6,30.0,2019-01-07 18:22:53
21280,30.18,123.17544444444444,8.2,89.0,2019-01-07 18:32:53
21280,30.18025,123.20141666666666,8.3,88.0,2019-01-07 18:42:53
21280,30.17130555555556,123.25108333333333,8.4,136.0,2019-01-07 19:02:53
21280,30.16547222222223,123.24763888888889,1.5,240.0,2019-01-07 19:12:53
21280,30.16508333333333,123.24236111111112,1.5,254.0,2019-01-07 19:22:53
21280,30.16455555555555,123.23697222222222,1.4,295.0,2019-01-07 19:32:53
21280,30.165138888888887,123.23225,1.1,278.0,2019-01-07 19:42:53
21280,30.16544444444445,123.22708333333333,1.7,277.0,2019-01-07 19:52:53
21280,30.17605555555556,123.24255555555555,8.3,47.0,2019-01-07 20:02:55
21280,30.19627777777777,123.25408333333334,8.7,20.0,2019-01-07 20:12:54
21280,30.219666666666665,123.26158333333332,9.3,10.0,2019-01-07 20:22:54
21280,30.24433333333333,123.26511111111112,9.1,3.0,2019-01-07 20:32:54
21280,30.257555555555548,123.26305555555555,2.9,331.0,2019-01-07 20:42:54
21280,30.266222222222236,123.26052777777775,2.1,345.0,2019-01-07 20:52:54
21280,30.272666666666662,123.25872222222222,2.6,340.0,2019-01-07 21:02:54
21280,30.27925,123.25736111111112,2.2,347.0,2019-01-07 21:12:54
21280,30.285833333333336,123.25619444444445,2.0,351.0,2019-01-07 21:22:54
21280,30.292472222222223,123.25508333333332,2.7,345.0,2019-01-07 21:32:54
21280,30.299111111111117,123.25380555555556,2.1,352.0,2019-01-07 21:42:54
21280,30.305861111111117,123.2524722222222,2.3,349.0,2019-01-07 21:52:54
21280,30.31261111111111,123.25119444444444,3.2,344.0,2019-01-07 22:02:54
21280,30.31991666666667,123.24991666666666,2.6,354.0,2019-01-07 22:12:54
21280,30.32627777777777,123.24875,2.5,355.0,2019-01-07 22:22:54
21280,30.33302777777779,123.24744444444444,2.7,335.0,2019-01-07 22:32:53
21280,30.33977777777777,123.24613888888888,2.4,345.0,2019-01-07 22:42:53
21280,30.34647222222221,123.24494444444444,2.4,349.0,2019-01-07 22:52:53
21280,30.35333333333333,123.24358333333332,2.4,350.0,2019-01-07 23:02:53
21280,30.359972222222236,123.24241666666668,2.5,347.0,2019-01-07 23:12:53
21280,30.36641666666667,123.24116666666669,2.4,351.0,2019-01-07 23:22:53
21280,30.37311111111111,123.24016666666668,2.3,353.0,2019-01-07 23:32:53
21280,30.37958333333333,123.23941666666666,2.2,338.0,2019-01-07 23:42:53
21280,30.38586111111111,123.23811111111112,2.4,349.0,2019-01-07 23:52:53
21280,30.392138888888887,123.23733333333334,2.1,343.0,2019-01-08 00:02:53
21280,30.39830555555556,123.23691666666666,2.1,357.0,2019-01-08 00:12:53
21280,30.40447222222221,123.23647222222225,1.7,342.0,2019-01-08 00:22:53
21280,30.410027777777767,123.23633333333332,2.2,13.0,2019-01-08 00:32:53
21280,30.415861111111116,123.23638888888892,2.1,11.0,2019-01-08 00:42:53
21280,30.4215,123.23636111111112,1.9,350.0,2019-01-08 00:52:53
21280,30.43205555555556,123.2357222222222,1.6,358.0,2019-01-08 01:12:52
21280,30.43719444444445,123.23580555555556,1.8,355.0,2019-01-08 01:22:52
21280,30.442277777777782,123.23641666666668,2.4,40.0,2019-01-08 01:32:52
21280,30.445166666666665,123.2444722222222,2.3,73.0,2019-01-08 01:42:52
21280,30.442472222222232,123.24680555555555,2.3,224.0,2019-01-08 01:52:54
21280,30.44211111111111,123.24541666666666,0.4,0.0,2019-01-08 02:02:54
21280,30.44061111111111,123.24638888888887,0.9,154.0,2019-01-08 02:12:54
21280,30.44627777777777,123.24544444444444,6.4,323.0,2019-01-08 02:22:54
21280,30.44536111111111,123.24125,1.8,208.0,2019-01-08 02:32:54
21280,30.43638888888889,123.23458333333332,8.5,234.0,2019-01-08 02:42:54
21280,30.423361111111117,123.21247222222222,8.1,237.0,2019-01-08 02:52:54
21280,30.410277777777768,123.19033333333334,8.2,233.0,2019-01-08 03:02:54
21280,30.39688888888889,123.16858333333332,8.4,231.0,2019-01-08 03:12:54
21280,30.38219444444445,123.14697222222225,8.5,226.0,2019-01-08 03:22:54
21280,30.36741666666667,123.12527777777775,8.5,235.0,2019-01-08 03:32:54
21280,30.35383333333333,123.10277777777776,8.7,236.0,2019-01-08 03:42:54
21280,30.340277777777768,123.0799722222222,8.7,236.0,2019-01-08 03:52:54
21280,30.326694444444453,123.0569722222222,8.1,237.0,2019-01-08 04:02:53
21280,30.31308333333333,123.03383333333332,8.6,239.0,2019-01-08 04:12:53
21280,30.29944444444445,123.01061111111112,9.0,235.0,2019-01-08 04:22:53
21280,30.286166666666663,122.98733333333334,8.9,245.0,2019-01-08 04:32:53
21280,30.27319444444444,122.96180555555556,8.8,241.0,2019-01-08 04:42:53
21280,30.26091666666667,122.93775,9.5,237.0,2019-01-08 04:52:53
21280,30.24755555555556,122.91144444444444,9.8,241.0,2019-01-08 05:02:53
21280,30.23416666666667,122.88436111111112,9.9,238.0,2019-01-08 05:12:53
21280,30.220305555555555,122.85702777777776,9.9,241.0,2019-01-08 05:22:53
21280,30.206166666666665,122.829,10.4,235.0,2019-01-08 05:32:53
21280,30.191222222222237,122.80116666666667,10.6,234.0,2019-01-08 05:42:53
21280,30.17594444444445,122.77333333333333,10.6,236.0,2019-01-08 05:52:53
21280,30.16019444444445,122.74566666666666,10.3,236.0,2019-01-08 06:02:53
